grid_case_id,method_label,block_id,block_name,am_sequence,assigned_bay,total_time_min,port_starboard,assembly_type,line_group,width_m,longi_count,seam_count,c_seam_count,violations,start_time,end_time,final_end_time
b120_ps_heavy_r1,MSF,1,BLK_1C,1,35A,324.2,C,line,L_1,10.0,17,1,0,0,2025-07-05 08:00,2025-07-05 13:24,2025-07-05 13:24
b120_ps_heavy_r1,MSF,21,BLK_21P,2,36B,295.5,P,line,L_1,9.2,10,2,1,0,2025-07-05 08:12,2025-07-05 13:50,2025-07-05 13:50
b120_ps_heavy_r1,MSF,47,BLK_47C,3,35A,292.1,C,fixed,F_1,18.1,20,4,0,0,2025-07-05 08:40,2025-07-05 15:36,2025-07-05 15:36
b120_ps_heavy_r1,MSF,67,BLK_67C,4,36B,332.6,C,fixed,F_1,6.7,11,2,1,0,2025-07-05 09:10,2025-07-05 16:15,2025-07-05 16:15
b120_ps_heavy_r1,MSF,57,BLK_57S,5,35A,243.5,S,fixed,F_1,15.4,14,4,0,0,2025-07-05 09:38,2025-07-05 17:12,2025-07-05 17:12
b120_ps_heavy_r1,MSF,77,BLK_77C,6,36B,429.9,C,fixed,F_1,18.9,19,4,1,0,2025-07-05 10:08,2025-07-05 19:44,2025-07-05 19:44
b120_ps_heavy_r1,MSF,48,BLK_48C,7,35A,532.3,C,fixed,F_10,12.7,12,2,0,0,2025-07-05 10:46,2025-07-05 23:11,2025-07-05 23:11
b120_ps_heavy_r1,MSF,78,BLK_78S,8,36B,420.8,S,fixed,F_10,5.4,14,2,2,0,2025-07-05 11:21,2025-07-06 01:01,2025-07-06 01:01
b120_ps_heavy_r1,MSF,68,BLK_68S,9,35A,308.4,S,fixed,F_10,15.4,19,4,0,0,2025-07-05 11:56,2025-07-06 02:16,2025-07-06 02:16
b120_ps_heavy_r1,MSF,58,BLK_58P,10,36B,557.1,P,fixed,F_10,19.2,26,3,1,0,2025-07-05 12:26,2025-07-06 05:30,2025-07-06 05:30
b120_ps_heavy_r1,MSF,98,BLK_98P,11,35A,290.8,P,fixed,F_10,14.5,20,4,0,0,2025-07-05 12:59,2025-07-06 05:34,2025-07-06 05:34
b120_ps_heavy_r1,MSF,52,BLK_52C,12,36B,408.7,C,fixed,F_5,5.4,10,1,0,0,2025-07-05 13:29,2025-07-06 05:57,2025-07-06 05:57
b120_ps_heavy_r1,MSF,107,BLK_107C,13,35A,175.9,C,fixed,F_1,10.7,6,2,0,0,2025-07-06 08:00,2025-07-06 10:55,2025-07-06 10:55
b120_ps_heavy_r1,MSF,87,BLK_87C,14,36B,200.8,C,fixed,F_1,12.6,8,3,0,0,2025-07-06 08:20,2025-07-06 11:46,2025-07-06 11:46
b120_ps_heavy_r1,MSF,97,BLK_97P,15,35A,287.5,P,fixed,F_1,14.6,21,3,0,0,2025-07-06 08:45,2025-07-06 13:45,2025-07-06 13:45
b120_ps_heavy_r1,MSF,118,BLK_97S,16,36B,287.5,S,fixed,F_1,14.6,21,3,0,0,2025-07-06 09:10,2025-07-06 14:21,2025-07-06 14:21
b120_ps_heavy_r1,MSF,5,BLK_5C,17,35A,272.2,C,line,L_1,16.8,18,3,0,0,2025-07-06 09:35,2025-07-06 14:49,2025-07-06 14:49
b120_ps_heavy_r1,MSF,9,BLK_9P,18,36B,237.3,P,line,L_1,15.4,15,3,0,0,2025-07-06 10:00,2025-07-06 15:06,2025-07-06 15:06
b120_ps_heavy_r1,MSF,25,BLK_25C,19,35A,387.1,C,line,L_1,19.9,18,5,1,1,2025-07-06 10:25,2025-07-06 17:27,2025-07-06 17:27
b120_ps_heavy_r1,MSF,13,BLK_13S,20,36B,366.4,S,line,L_1,28.9,23,7,0,1,2025-07-06 10:55,2025-07-06 18:59,2025-07-06 18:59
b120_ps_heavy_r1,MSF,41,BLK_41C,21,35A,263.2,C,line,L_1,12.0,16,2,0,1,2025-07-06 11:47,2025-07-06 18:46,2025-07-06 18:46
b120_ps_heavy_r1,MSF,17,BLK_17C,22,36B,212.1,C,line,L_1,10.3,10,3,0,1,2025-07-06 12:07,2025-07-06 19:26,2025-07-06 19:26
b120_ps_heavy_r1,MSF,29,BLK_29S,23,35A,454.9,S,line,L_1,14.5,18,3,1,1,2025-07-06 12:32,2025-07-06 21:47,2025-07-06 21:47
b120_ps_heavy_r1,MSF,2,BLK_2C,24,36B,349.6,C,line,L_1,10.1,11,2,0,0,2025-07-07 08:00,2025-07-07 13:49,2025-07-07 13:49
b120_ps_heavy_r1,MSF,45,BLK_45C,25,35A,214.1,C,line,L_1,15.3,10,3,0,0,2025-07-07 08:28,2025-07-07 14:15,2025-07-07 14:15
b120_ps_heavy_r1,MSF,33,BLK_33P,26,36B,472.1,P,line,L_1,14.5,13,4,3,0,2025-07-07 08:53,2025-07-07 17:38,2025-07-07 17:38
b120_ps_heavy_r1,MSF,6,BLK_6C,27,35A,195.5,C,line,L_1,12.5,8,2,0,0,2025-07-07 09:38,2025-07-07 17:35,2025-07-07 17:35
b120_ps_heavy_r1,MSF,37,BLK_37S,28,36B,394.8,S,line,L_1,12.5,10,1,1,0,2025-07-07 09:58,2025-07-07 19:46,2025-07-07 19:46
b120_ps_heavy_r1,MSF,51,BLK_51C,29,35A,290.6,C,fixed,F_4,14.5,15,2,0,0,2025-07-07 10:18,2025-07-07 21:11,2025-07-07 21:11
b120_ps_heavy_r1,MSF,18,BLK_18S,30,36B,578.6,S,line,L_1,15.3,19,2,5,0,2025-07-07 10:38,2025-07-08 01:31,2025-07-08 01:31
b120_ps_heavy_r1,MSF,49,BLK_49C,31,35A,243.8,C,fixed,F_2,10.3,14,3,0,0,2025-07-07 11:25,2025-07-08 01:34,2025-07-08 01:34
b120_ps_heavy_r1,MSF,59,BLK_59P,32,36B,242.5,P,fixed,F_2,14.9,14,3,0,0,2025-07-07 11:50,2025-07-08 02:16,2025-07-08 02:16
b120_ps_heavy_r1,MSF,71,BLK_71C,33,35A,421.1,C,fixed,F_4,18.9,18,3,1,0,2025-07-07 12:15,2025-07-08 03:20,2025-07-08 03:20
b120_ps_heavy_r1,MSF,101,BLK_101C,34,36B,373.5,C,fixed,F_4,22.8,31,4,0,1,2025-07-07 12:48,2025-07-08 05:29,2025-07-08 05:29
b120_ps_heavy_r1,MSF,89,BLK_89S,35,35A,519.1,S,fixed,F_2,15.4,12,3,2,0,2025-07-07 13:18,2025-07-08 07:08,2025-07-08 07:08
b120_ps_heavy_r1,MSF,61,BLK_61S,36,36B,266.2,S,fixed,F_4,18.9,16,5,0,0,2025-07-07 13:58,2025-07-08 08:23,2025-07-08 08:23
b120_ps_heavy_r1,MSF,99,BLK_99C,37,35A,390.6,C,fixed,F_2,12.3,13,4,1,0,2025-07-07 14:28,2025-07-08 08:51,2025-07-08 08:51
b120_ps_heavy_r1,MSF,91,BLK_91S,38,36B,320.3,S,fixed,F_4,18.3,24,5,0,0,2025-07-07 15:06,2025-07-08 10:49,2025-07-08 10:49
b120_ps_heavy_r1,MSF,14,BLK_14S,39,36B,341.7,S,line,L_1,21.5,21,6,0,0,2025-07-07 15:36,2025-07-08 12:04,2025-07-08 12:04
b120_ps_heavy_r1,MSF,7,BLK_7P,40,35A,342.9,P,line,L_2,10.3,5,1,1,0,2025-07-07 16:21,2025-07-08 10:44,2025-07-08 10:44
b120_ps_heavy_r1,MSF,108,BLK_108S,41,36B,201.6,S,fixed,F_10,9.2,8,2,0,0,2025-07-07 16:41,2025-07-08 12:26,2025-07-08 12:26
b120_ps_heavy_r1,MSF,82,BLK_82S,42,35A,454.9,S,fixed,F_5,10.0,9,2,2,0,2025-07-08 08:00,2025-07-08 15:34,2025-07-08 15:34
b120_ps_heavy_r1,MSF,23,BLK_23P,43,36B,243.0,P,line,L_2,12.4,14,3,0,0,2025-07-08 08:35,2025-07-08 16:41,2025-07-08 16:41
b120_ps_heavy_r1,MSF,53,BLK_53C,44,36B,334.3,C,fixed,F_6,21.7,25,4,0,0,2025-07-08 09:00,2025-07-08 18:49,2025-07-08 18:49
b120_ps_heavy_r1,MSF,62,BLK_62C,45,35A,266.8,C,fixed,F_5,16.5,13,5,0,0,2025-07-08 09:30,2025-07-08 18:12,2025-07-08 18:12
b120_ps_heavy_r1,MSF,63,BLK_63C,46,36B,232.5,C,fixed,F_6,16.8,12,5,0,0,2025-07-08 10:00,2025-07-08 19:21,2025-07-08 19:21
b120_ps_heavy_r1,MSF,83,BLK_83S,47,36B,345.9,S,fixed,F_6,21.5,25,5,0,0,2025-07-08 10:30,2025-07-08 21:19,2025-07-08 21:19
b120_ps_heavy_r1,MSF,88,BLK_88S,48,35A,376.2,S,fixed,F_10,19.9,26,6,0,0,2025-07-08 11:00,2025-07-08 21:59,2025-07-08 21:59
b120_ps_heavy_r1,MSF,3,BLK_3C,49,36B,376.8,C,line,L_2,28.9,24,4,0,0,2025-07-08 11:45,2025-07-08 22:50,2025-07-08 22:50
b120_ps_heavy_r1,MSF,31,BLK_31S,50,35A,288.5,S,line,L_2,19.4,19,5,0,0,2025-07-08 12:30,2025-07-08 23:07,2025-07-08 23:07
b120_ps_heavy_r1,MSF,39,BLK_39P,51,36B,300.8,P,line,L_2,16.5,16,6,0,1,2025-07-08 13:00,2025-07-08 23:39,2025-07-08 23:39
b120_ps_heavy_r1,MSF,70,BLK_70P,52,35A,120.7,P,fixed,F_3,5.4,1,1,0,0,2025-07-08 13:45,2025-07-08 23:14,2025-07-08 23:14
b120_ps_heavy_r1,MSF,90,BLK_90S,53,36B,159.9,S,fixed,F_3,5.4,3,1,0,0,2025-07-08 13:57,2025-07-08 23:51,2025-07-08 23:51
b120_ps_heavy_r1,MSF,74,BLK_74C,54,35A,478.5,C,fixed,F_7,8.3,6,1,3,0,2025-07-08 14:09,2025-07-09 01:22,2025-07-09 01:22
b120_ps_heavy_r1,MSF,4,BLK_4C,55,36B,475.7,C,line,L_2,12.0,12,2,0,0,2025-07-08 14:36,2025-07-09 04:30,2025-07-09 04:30
b120_ps_heavy_r1,MSF,114,BLK_114C,56,35A,424.4,C,fixed,F_7,14.5,10,1,1,0,2025-07-08 15:04,2025-07-09 06:15,2025-07-09 06:15
b120_ps_heavy_r1,MSF,8,BLK_8P,57,36B,281.1,P,line,L_2,14.7,18,2,0,0,2025-07-08 15:24,2025-07-09 07:40,2025-07-09 07:40
b120_ps_heavy_r1,MSF,109,BLK_109S,58,35A,272.0,S,fixed,F_2,6.7,9,1,1,0,2025-07-08 15:44,2025-07-09 07:31,2025-07-09 07:31
b120_ps_heavy_r1,MSF,104,BLK_104P,59,36B,208.4,P,fixed,F_7,10.1,10,2,0,0,2025-07-08 16:04,2025-07-09 08:10,2025-07-09 08:10
b120_ps_heavy_r1,MSF,38,BLK_38S,60,35A,310.6,S,line,L_1,5.4,8,2,1,0,2025-07-08 16:24,2025-07-09 09:09,2025-07-09 09:09
b120_ps_heavy_r1,MSF,40,BLK_40C,61,36B,206.4,C,line,L_2,9.9,9,2,0,0,2025-07-08 16:52,2025-07-09 09:47,2025-07-09 09:47
b120_ps_heavy_r1,MSF,28,BLK_28C,62,35A,423.7,C,line,L_2,5.4,8,2,2,0,2025-07-09 08:00,2025-07-09 15:03,2025-07-09 15:03
b120_ps_heavy_r1,MSF,75,BLK_75S,63,36B,256.9,S,fixed,F_8,12.1,16,2,0,0,2025-07-09 08:35,2025-07-09 16:27,2025-07-09 16:27
b120_ps_heavy_r1,MSF,84,BLK_84S,64,35A,439.5,S,fixed,F_7,15.6,11,2,1,0,2025-07-09 08:55,2025-07-09 18:27,2025-07-09 18:27
b120_ps_heavy_r1,MSF,95,BLK_95C,65,36B,157.7,C,fixed,F_8,6.3,4,2,0,0,2025-07-09 09:23,2025-07-09 18:04,2025-07-09 18:04
b120_ps_heavy_r1,MSF,65,BLK_65C,66,35A,358.1,C,fixed,F_8,9.9,10,2,1,0,2025-07-09 09:43,2025-07-09 20:12,2025-07-09 20:12
b120_ps_heavy_r1,MSF,86,BLK_86C,67,36B,186.2,C,fixed,F_9,9.9,8,2,0,0,2025-07-09 10:11,2025-07-09 20:26,2025-07-09 20:26
b120_ps_heavy_r1,MSF,105,BLK_105C,68,35A,385.2,C,fixed,F_8,9.9,11,2,1,0,2025-07-09 10:31,2025-07-09 22:38,2025-07-09 22:38
b120_ps_heavy_r1,MSF,42,BLK_42P,69,36B,303.0,P,line,L_1,15.7,22,3,0,0,2025-07-09 10:59,2025-07-10 00:25,2025-07-10 00:25
b120_ps_heavy_r1,MSF,81,BLK_81P,70,35A,279.3,P,fixed,F_4,10.1,5,2,1,0,2025-07-09 11:24,2025-07-09 23:29,2025-07-09 23:29
b120_ps_heavy_r1,MSF,46,BLK_46P,71,36B,196.9,P,line,L_1,12.5,8,3,0,0,2025-07-09 11:52,2025-07-10 00:48,2025-07-10 00:48
b120_ps_heavy_r1,MSF,27,BLK_27S,72,35A,463.7,S,line,L_2,15.7,21,3,1,0,2025-07-09 12:17,2025-07-10 04:21,2025-07-10 04:21
b120_ps_heavy_r1,MSF,36,BLK_36P,73,36B,205.2,P,line,L_2,9.8,5,3,0,0,2025-07-09 12:50,2025-07-10 03:12,2025-07-10 03:12
b120_ps_heavy_r1,MSF,16,BLK_16S,74,35A,386.2,S,line,L_2,15.7,15,3,1,0,2025-07-09 13:15,2025-07-10 05:45,2025-07-10 05:45
b120_ps_heavy_r1,MSF,80,BLK_80C,75,36B,257.8,C,fixed,F_3,11.8,16,3,0,0,2025-07-09 13:48,2025-07-10 06:27,2025-07-10 06:27
b120_ps_heavy_r1,MSF,100,BLK_100C,76,35A,465.2,C,fixed,F_3,17.4,16,3,1,0,2025-07-09 14:13,2025-07-10 09:17,2025-07-10 09:17
b120_ps_heavy_r1,MSF,56,BLK_56C,77,36B,269.8,C,fixed,F_9,15.7,17,3,0,0,2025-07-09 14:46,2025-07-10 10:01,2025-07-10 10:01
b120_ps_heavy_r1,MSF,110,BLK_110C,78,35A,373.3,C,fixed,F_3,10.1,10,3,1,0,2025-07-09 15:11,2025-07-10 10:38,2025-07-10 10:38
b120_ps_heavy_r1,MSF,76,BLK_76S,79,36B,242.4,S,fixed,F_9,16.4,15,3,0,0,2025-07-09 15:44,2025-07-10 11:43,2025-07-10 11:43
b120_ps_heavy_r1,MSF,85,BLK_85C,80,35A,377.6,C,fixed,F_8,9.8,13,3,1,0,2025-07-09 16:09,2025-07-10 12:37,2025-07-10 12:37
b120_ps_heavy_r1,MSF,96,BLK_96S,81,36B,229.9,S,fixed,F_9,10.3,9,3,0,0,2025-07-09 16:42,2025-07-10 12:46,2025-07-10 12:46
b120_ps_heavy_r1,MSF,66,BLK_66S,82,35A,529.9,S,fixed,F_9,19.9,18,3,3,0,2025-07-09 17:07,2025-07-10 17:27,2025-07-10 17:27
b120_ps_heavy_r1,MSF,79,BLK_79P,83,36B,282.3,P,fixed,F_2,14.6,20,3,0,0,2025-07-10 08:00,2025-07-10 18:15,2025-07-10 18:15
b120_ps_heavy_r1,MSF,115,BLK_79S,84,35A,282.3,S,fixed,F_2,14.6,20,3,0,0,2025-07-10 08:25,2025-07-10 18:52,2025-07-10 18:52
b120_ps_heavy_r1,MSF,103,BLK_103P,85,36B,266.1,P,fixed,F_6,9.5,14,3,0,0,2025-07-10 08:50,2025-07-10 18:58,2025-07-10 18:58
b120_ps_heavy_r1,MSF,113,BLK_113C,86,35A,213.5,C,fixed,F_6,7.4,8,3,0,0,2025-07-10 09:15,2025-07-10 19:15,2025-07-10 19:15
b120_ps_heavy_r1,MSF,106,BLK_106C,87,36B,227.6,C,fixed,F_9,12.5,11,3,0,0,2025-07-10 09:40,2025-07-10 19:38,2025-07-10 19:38
b120_ps_heavy_r1,MSF,22,BLK_22P,88,35A,464.7,P,line,L_1,17.4,21,4,1,0,2025-07-10 10:05,2025-07-10 22:12,2025-07-10 22:12
b120_ps_heavy_r1,MSF,116,BLK_36S,89,36B,205.2,S,line,L_2,9.8,5,3,0,0,2025-07-10 10:43,2025-07-10 21:03,2025-07-10 21:03
b120_ps_heavy_r1,MSF,20,BLK_20S,90,35A,509.3,S,line,L_2,17.4,17,3,2,0,2025-07-10 11:08,2025-07-11 01:31,2025-07-11 01:31
b120_ps_heavy_r1,MSF,43,BLK_43C,91,36B,387.3,C,line,L_2,16.8,30,4,0,1,2025-07-10 11:48,2025-07-11 03:36,2025-07-11 03:36
b120_ps_heavy_r1,MSF,30,BLK_30S,92,35A,651.3,S,line,L_1,19.9,26,4,3,0,2025-07-10 12:18,2025-07-11 07:12,2025-07-11 07:12
b120_ps_heavy_r1,MSF,12,BLK_12S,93,36B,284.3,S,line,L_2,19.0,19,4,0,0,2025-07-10 13:03,2025-07-11 07:10,2025-07-11 07:10
b120_ps_heavy_r1,MSF,119,BLK_22S,94,35A,464.7,S,line,L_1,17.4,21,4,1,0,2025-07-10 13:33,2025-07-11 08:22,2025-07-11 08:22
b120_ps_heavy_r1,MSF,44,BLK_44P,95,36B,283.4,P,line,L_2,18.1,16,4,0,0,2025-07-10 14:11,2025-07-11 08:32,2025-07-11 08:32
b120_ps_heavy_r1,MSF,32,BLK_32S,96,35A,423.5,S,line,L_2,15.4,16,4,1,0,2025-07-10 14:41,2025-07-11 09:49,2025-07-11 09:49
b120_ps_heavy_r1,MSF,50,BLK_50C,97,36B,381.1,C,fixed,F_3,20.0,27,4,0,0,2025-07-10 15:19,2025-07-11 11:52,2025-07-11 11:52
b120_ps_heavy_r1,MSF,54,BLK_54C,98,35A,257.1,C,fixed,F_7,10.0,16,4,0,0,2025-07-10 16:04,2025-07-11 11:21,2025-07-11 11:21
b120_ps_heavy_r1,MSF,55,BLK_55C,99,36B,298.9,C,fixed,F_8,18.1,20,4,0,0,2025-07-10 16:34,2025-07-11 12:53,2025-07-11 12:53
b120_ps_heavy_r1,MSF,60,BLK_60C,100,35A,574.0,C,fixed,F_3,17.4,19,4,2,0,2025-07-11 08:00,2025-07-11 17:34,2025-07-11 17:34
b120_ps_heavy_r1,MSF,64,BLK_64P,101,36B,317.5,P,fixed,F_7,17.4,24,4,0,0,2025-07-11 08:45,2025-07-11 18:48,2025-07-11 18:48
b120_ps_heavy_r1,MSF,69,BLK_69C,102,35A,261.3,C,fixed,F_2,15.6,13,4,0,0,2025-07-11 09:15,2025-07-11 18:19,2025-07-11 18:19
b120_ps_heavy_r1,MSF,92,BLK_92C,103,36B,570.3,C,fixed,F_5,15.9,19,4,2,0,2025-07-11 09:45,2025-07-11 21:29,2025-07-11 21:29
b120_ps_heavy_r1,MSF,112,BLK_112P,104,35A,227.8,P,fixed,F_5,16.7,10,4,0,0,2025-07-11 10:30,2025-07-11 21:13,2025-07-11 21:13
b120_ps_heavy_r1,MSF,120,BLK_112S,105,36B,227.8,S,fixed,F_5,16.7,10,4,0,0,2025-07-11 11:00,2025-07-11 21:56,2025-07-11 21:56
b120_ps_heavy_r1,MSF,93,BLK_93P,106,35A,424.5,P,fixed,F_6,18.0,14,4,1,0,2025-07-11 11:30,2025-07-11 23:20,2025-07-11 23:20
b120_ps_heavy_r1,MSF,94,BLK_94C,107,36B,225.5,C,fixed,F_7,15.7,10,4,0,0,2025-07-11 12:08,2025-07-11 23:37,2025-07-11 23:37
b120_ps_heavy_r1,MSF,111,BLK_111P,108,35A,476.1,P,fixed,F_4,16.9,23,4,1,0,2025-07-11 12:38,2025-07-12 02:12,2025-07-12 02:12
b120_ps_heavy_r1,MSF,117,BLK_64S,109,36B,317.5,S,fixed,F_7,17.4,24,4,0,0,2025-07-11 13:16,2025-07-12 03:02,2025-07-12 03:02
b120_ps_heavy_r1,MSF,10,BLK_10P,110,35A,304.6,P,line,L_1,18.3,17,5,0,0,2025-07-11 13:46,2025-07-12 03:06,2025-07-12 03:06
b120_ps_heavy_r1,MSF,19,BLK_19P,111,36B,599.4,P,line,L_2,15.6,17,5,4,0,2025-07-11 14:16,2025-07-12 07:32,2025-07-12 07:32
b120_ps_heavy_r1,MSF,24,BLK_24C,112,35A,258.4,C,line,L_2,16.4,14,5,0,0,2025-07-11 14:46,2025-07-12 08:00,2025-07-12 08:00
b120_ps_heavy_r1,MSF,35,BLK_35P,113,36B,408.7,P,line,L_2,20.0,19,5,1,0,2025-07-12 08:00,2025-07-12 14:48,2025-07-12 14:48
b120_ps_heavy_r1,MSF,34,BLK_34S,114,35A,315.8,S,line,L_1,16.5,23,5,0,0,2025-07-12 08:30,2025-07-12 16:02,2025-07-12 16:02
b120_ps_heavy_r1,MSF,26,BLK_26C,115,36B,325.3,C,line,L_1,14.0,8,5,1,0,2025-07-12 09:00,2025-07-12 15:30,2025-07-12 15:30
b120_ps_heavy_r1,MSF,72,BLK_72S,116,35A,345.6,S,fixed,F_5,19.0,25,5,0,0,2025-07-12 09:30,2025-07-12 18:05,2025-07-12 18:05
b120_ps_heavy_r1,MSF,73,BLK_73C,117,36B,569.7,C,fixed,F_6,21.5,21,5,2,0,2025-07-12 10:00,2025-07-12 21:41,2025-07-12 21:41
b120_ps_heavy_r1,MSF,102,BLK_102C,118,35A,269.1,C,fixed,F_5,18.9,17,5,0,0,2025-07-12 10:30,2025-07-12 22:02,2025-07-12 22:02
b120_ps_heavy_r1,MSF,15,BLK_15C,119,36B,405.3,C,line,L_2,16.4,11,6,1,0,2025-07-13 08:00,2025-07-13 14:45,2025-07-13 14:45
b120_ps_heavy_r1,MSF,11,BLK_11C,120,36B,594.1,C,line,L_2,28.9,31,7,1,3,2025-07-13 08:45,2025-07-13 19:25,2025-07-13 19:25
