grid_case_id,method_label,size_bucket,total_blocks,distribution_profile,graph_makespan_hours,graph_violations,date,am_sequence,block_id,block_name,port_starboard,assembly_type,line_group,assembly_workshop_code,block_assembly_date,width_m,longi_count,seam_count,c_seam_count,has_curved_plate,main_plate_count,assigned_bay,bay_changed,total_time_min,material_ready,material_type,is_subassembly,violations,violations_primary_count,violations_raw_count,constraint_ids,constraint_families,violation_details,panel_start_time,machine2_start_time,final_end_time,start_time,end_time,makespan_minutes,makespan_hours,process_1_time_min,process_2_time_min,process_3_time_min,process_4_time_min,process_5_time_min,process_6_time_min,process_7_time_min,process_8_time_min
b80_heavy_work_r1,SPT,Small (20-80),80,heavy_work,137.45,19,20250115,1,32,BLK_32C,C,fixed,F_1,F_1,2025-01-15,7.0,8,2,0,False,5,35A,False,251.0,True,NORMAL,False,0,0,0,[],[],[],2025-01-15 08:00,2025-01-15 08:24,2025-01-15 12:11,2025-01-15 08:00,2025-01-15 12:11,251.0,4.18,24.0,49.8,14.4,40.2,31.1,49.6,20.2,21.8
b80_heavy_work_r1,SPT,Small (20-80),80,heavy_work,137.45,19,20250115,2,42,BLK_42P,P,fixed,F_1,F_1,2025-01-15,7.8,2,2,2,False,5,36B,False,287.6,True,NORMAL,False,0,0,1,[],[],[],2025-01-15 08:24,2025-01-15 09:13,2025-01-15 13:19,2025-01-15 08:24,2025-01-15 13:19,319.4,5.32,42.0,87.8,14.4,58.3,41.2,20.4,12.2,11.3
b80_heavy_work_r1,SPT,Small (20-80),80,heavy_work,137.45,19,20250115,3,52,BLK_52S,S,fixed,F_1,F_1,2025-01-15,16.1,15,4,0,False,8,35A,False,333.5,True,NORMAL,False,0,0,1,[],[],[],2025-01-15 09:06,2025-01-15 10:41,2025-01-15 15:50,2025-01-15 09:06,2025-01-15 15:50,470.1,7.83,30.0,53.3,14.4,44.8,44.0,75.0,26.4,45.6
b80_heavy_work_r1,SPT,Small (20-80),80,heavy_work,137.45,19,20250115,4,33,BLK_33C,C,fixed,F_10,F_10,2025-01-17,5.7,8,1,0,False,3,36B,False,236.1,True,NORMAL,False,0,0,1,[],[],[],2025-01-15 09:36,2025-01-15 11:34,2025-01-15 15:18,2025-01-15 09:36,2025-01-15 15:18,470.1,7.83,14.4,50.6,14.4,41.3,25.4,47.3,18.1,24.5
b80_heavy_work_r1,SPT,Small (20-80),80,heavy_work,137.45,19,20250115,5,1,BLK_1C,C,line,L_1,L_11,2025-01-17,16.5,10,5,0,False,7,35A,False,252.6,True,NORMAL,False,0,0,0,[],[],[],2025-01-15 09:50,2025-01-15 12:25,2025-01-15 16:27,2025-01-15 09:50,2025-01-15 16:27,507.3,8.45,36.0,32.5,14.4,17.4,43.1,54.0,22.8,32.4
b80_heavy_work_r1,SPT,Small (20-80),80,heavy_work,137.45,19,20250115,6,9,BLK_9P,P,line,L_1,L_11,2025-01-17,9.0,7,1,0,False,1,36B,False,256.3,True,NORMAL,False,0,0,1,[],[],[],2025-01-15 10:26,2025-01-15 12:57,2025-01-15 16:59,2025-01-15 10:26,2025-01-15 16:59,539.9,9.0,14.4,60.5,14.4,54.3,26.2,41.4,20.6,24.5
b80_heavy_work_r1,SPT,Small (20-80),80,heavy_work,137.45,19,20250115,7,43,BLK_43P,P,fixed,F_10,F_10,2025-01-17,9.7,13,2,0,False,5,35A,False,280.4,True,NORMAL,False,0,0,0,[],[],[],2025-01-15 10:40,2025-01-15 13:58,2025-01-15 18:25,2025-01-15 10:40,2025-01-15 18:25,625.5,10.43,24.0,43.6,14.4,32.0,34.5,66.6,25.0,40.3
b80_heavy_work_r1,SPT,Small (20-80),80,heavy_work,137.45,19,20250115,8,62,BLK_62P,P,fixed,F_1,F_1,2025-01-17,5.9,7,2,1,False,6,36B,False,363.1,True,NORMAL,False,0,0,1,[],[],[],2025-01-15 11:04,2025-01-15 14:42,2025-01-15 20:11,2025-01-15 11:04,2025-01-15 20:11,731.6,12.19,33.6,110.6,14.4,86.1,36.7,41.4,15.8,24.5
b80_heavy_work_r1,SPT,Small (20-80),80,heavy_work,137.45,19,20250115,9,63,BLK_63P,P,fixed,F_10,F_10,2025-01-17,17.2,18,6,0,False,6,35A,False,378.4,True,NORMAL,False,0,0,0,[],[],[],2025-01-15 11:38,2025-01-15 16:32,2025-01-15 22:46,2025-01-15 11:38,2025-01-15 22:46,886.8,14.78,36.0,54.4,14.4,46.3,57.6,87.6,28.6,53.5
b80_heavy_work_r1,SPT,Small (20-80),80,heavy_work,137.45,19,20250115,10,53,BLK_53S,S,fixed,F_10,F_10,2025-01-17,18.2,24,5,1,False,7,36B,False,675.5,True,NORMAL,False,0,0,1,[],[],[],2025-01-15 12:14,2025-01-15 17:27,2025-01-16 03:56,2025-01-15 12:14,2025-01-16 03:56,1196.9,19.95,45.6,167.9,14.4,174.2,58.4,112.8,32.9,69.4
b80_heavy_work_r1,SPT,Small (20-80),80,heavy_work,137.45,19,20250115,11,5,BLK_5P,P,line,L_1,L_11,2025-01-17,16.2,16,4,0,False,7,35A,False,309.2,True,NORMAL,False,0,0,0,[],[],[],2025-01-15 13:00,2025-01-15 20:14,2025-01-16 03:41,2025-01-15 13:00,2025-01-16 03:41,1196.9,19.95,30.0,39.0,14.4,26.0,45.2,79.2,27.1,48.2
b80_heavy_work_r1,SPT,Small (20-80),80,heavy_work,137.45,19,20250115,12,72,BLK_72S,S,fixed,F_1,F_1,2025-01-17,30.3,31,6,0,True,12,36B,False,437.2,True,NORMAL,False,1,1,1,['P7#10'],['LONGI30_BAY_PREF_FAMILY'],['론지 31개 ≥ 30개인데 B베이 할당됨 (A베이 권장)'],2025-01-15 13:30,2025-01-15 20:53,2025-01-16 06:42,2025-01-15 13:30,2025-01-16 06:42,1362.6,22.71,36.0,35.7,14.4,21.6,61.6,142.2,37.9,87.8
b80_heavy_work_r1,SPT,Small (20-80),80,heavy_work,137.45,19,20250115,13,17,BLK_17C,C,line,L_1,L_11,2025-01-17,16.2,11,5,3,False,4,35A,False,485.1,True,NORMAL,False,0,0,0,[],[],[],2025-01-15 14:06,2025-01-15 21:29,2025-01-16 05:07,2025-01-15 14:06,2025-01-16 05:07,1362.6,22.71,54.0,139.8,14.4,97.8,62.4,58.2,23.5,35.0
b80_heavy_work_r1,SPT,Small (20-80),80,heavy_work,137.45,19,20250115,14,13,BLK_13C,C,line,L_1,L_11,2025-01-17,16.1,14,4,2,False,5,36B,False,674.0,True,NORMAL,False,1,1,1,['ROUTING_C_SEAM_SPACING'],['C_SEAM_SPACING_FAMILY'],['C/Seam 블록 연속 배치 불가'],2025-01-15 15:00,2025-01-15 23:49,2025-01-16 10:15,2025-01-15 15:00,2025-01-16 10:15,1575.4,26.26,48.0,220.7,14.4,194.7,56.7,70.8,25.7,43.0
b80_heavy_work_r1,SPT,Small (20-80),80,heavy_work,137.45,19,20250115,15,73,BLK_73P,P,fixed,F_10,F_10,2025-01-18,12.6,11,4,0,False,5,35A,False,265.0,True,NORMAL,False,0,0,0,[],[],[],2025-01-15 15:48,2025-01-16 03:30,2025-01-16 10:34,2025-01-15 15:48,2025-01-16 10:34,1594.5,26.58,30.0,37.7,14.4,24.3,41.8,58.2,23.5,35.0
b80_heavy_work_r1,SPT,Small (20-80),80,heavy_work,137.45,19,20250115,16,11,BLK_11C,C,line,L_2,L_21,2025-01-19,10.7,11,1,0,False,3,36B,False,275.7,True,NORMAL,False,0,0,0,[],[],[],2025-01-15 16:18,2025-01-16 04:07,2025-01-16 11:03,2025-01-15 16:18,2025-01-16 11:03,1623.6,27.06,14.4,54.6,14.4,46.5,29.1,58.2,23.5,35.0
b80_heavy_work_r1,SPT,Small (20-80),80,heavy_work,137.45,19,20250115,17,3,BLK_3C,C,line,L_2,L_21,2025-01-19,9.0,10,4,0,False,7,35A,False,286.7,True,NORMAL,False,0,0,0,[],[],[],2025-01-15 16:32,2025-01-16 05:02,2025-01-16 11:35,2025-01-15 16:32,2025-01-16 11:35,1655.4,27.59,30.0,51.4,14.4,42.3,39.3,54.0,22.8,32.4
b80_heavy_work_r1,SPT,Small (20-80),80,heavy_work,137.45,19,20250115,18,29,BLK_29C,C,line,L_1,L_11,2025-01-19,10.3,13,4,0,False,6,36B,False,319.4,True,NORMAL,False,0,0,0,[],[],[],2025-01-15 17:02,2025-01-16 05:53,2025-01-16 12:37,2025-01-15 17:02,2025-01-16 12:37,1717.8,28.63,30.0,55.6,14.4,47.8,39.7,66.6,25.0,40.3
b80_heavy_work_r1,SPT,Small (20-80),80,heavy_work,137.45,19,20250115,19,34,BLK_34C,C,fixed,F_2,F_2,2025-01-20,10.3,13,2,0,False,5,35A,False,516.0,True,NORMAL,False,0,0,1,[],[],[],2025-01-15 17:32,2025-01-16 06:49,2025-01-16 15:01,2025-01-15 17:32,2025-01-16 15:01,1861.4,31.02,33.6,146.7,14.4,149.5,39.8,66.6,25.0,40.3
b80_heavy_work_r1,SPT,Small (20-80),80,heavy_work,137.45,19,20250115,20,10,BLK_10S,S,line,L_1,L_12,2025-01-21,10.4,9,1,0,False,6,36B,False,263.7,True,NORMAL,False,0,0,1,[],[],[],2025-01-15 18:06,2025-01-16 09:16,2025-01-16 15:08,2025-01-15 18:06,2025-01-16 15:08,1868.2,31.14,14.4,56.4,14.4,48.8,28.1,49.8,22.1,29.8
b80_heavy_work_r1,SPT,Small (20-80),80,heavy_work,137.45,19,20250115,21,40,BLK_40C,C,fixed,F_8,F_8,2025-01-21,5.7,8,1,0,False,3,35A,False,492.8,True,NORMAL,False,0,0,1,[],[],[],2025-01-15 18:20,2025-01-16 10:12,2025-01-16 17:52,2025-01-15 18:20,2025-01-16 17:52,2033.0,33.88,32.4,177.2,14.4,129.9,37.5,57.6,27.4,16.6
b80_heavy_work_r1,SPT,Small (20-80),80,heavy_work,137.45,19,20250116,22,25,BLK_25C,C,line,L_1,L_11,2025-01-19,15.6,11,5,1,False,5,36B,False,433.6,True,NORMAL,False,0,0,0,[],[],[],2025-01-16 08:00,2025-01-16 13:09,2025-01-16 20:03,2025-01-16 08:00,2025-01-16 20:03,723.4,12.06,45.6,104.2,14.4,99.8,52.8,58.2,23.5,35.0
b80_heavy_work_r1,SPT,Small (20-80),80,heavy_work,137.45,19,20250116,23,21,BLK_21P,P,line,L_1,L_11,2025-01-19,20.9,9,7,1,False,6,35A,False,435.1,True,NORMAL,False,1,1,1,['ROUTING_C_SEAM_SPACING'],['C_SEAM_SPACING_FAMILY'],['C/Seam 블록 연속 배치 불가'],2025-01-16 08:45,2025-01-16 14:53,2025-01-16 21:38,2025-01-16 08:45,2025-01-16 21:38,818.9,13.65,54.0,101.6,14.4,96.9,66.5,49.8,22.1,29.8
b80_heavy_work_r1,SPT,Small (20-80),80,heavy_work,137.45,19,20250116,24,74,BLK_74P,P,fixed,F_2,F_2,2025-01-20,16.5,16,5,0,False,8,36B,False,316.2,True,NORMAL,False,0,0,0,[],[],[],2025-01-16 09:39,2025-01-16 16:35,2025-01-16 23:21,2025-01-16 09:39,2025-01-16 23:21,922.0,15.37,36.0,37.3,14.4,23.7,50.2,79.2,27.1,48.2
b80_heavy_work_r1,SPT,Small (20-80),80,heavy_work,137.45,19,20250116,25,7,BLK_7P,P,line,L_2,L_21,2025-01-19,22.3,21,6,1,False,11,36B,False,537.0,True,NORMAL,False,1,1,1,['ROUTING_HIGH_SEAM_SPACING'],['HIGH_SEAM_SPACING_FAMILY'],['고심수(6+) 블록 간 3판 간격 위반: 직전 동일 특성 블록과 2판 간격 (최소 3판 간격 필요)'],2025-01-16 10:15,2025-01-16 17:12,2025-01-17 01:33,2025-01-16 10:15,2025-01-17 01:33,1053.8,17.56,36.0,126.8,14.4,100.9,66.6,100.2,30.7,61.4
b80_heavy_work_r1,SPT,Small (20-80),80,heavy_work,137.45,19,20250116,26,19,BLK_19C,C,line,L_2,L_21,2025-01-20,5.7,7,1,0,False,2,35A,False,205.0,True,NORMAL,False,0,0,0,[],[],[],2025-01-16 10:51,2025-01-16 19:19,2025-01-17 00:07,2025-01-16 10:51,2025-01-17 00:07,1053.8,17.56,14.4,41.1,14.4,28.7,24.7,41.4,15.8,24.5
b80_heavy_work_r1,SPT,Small (20-80),80,heavy_work,137.45,19,20250116,27,44,BLK_44C,C,fixed,F_2,F_2,2025-01-20,22.6,27,6,0,False,12,36B,False,447.5,True,NORMAL,False,1,1,1,['ROUTING_HIGH_SEAM_SPACING'],['HIGH_SEAM_SPACING_FAMILY'],['고심수(6+) 블록 간 3판 간격 위반: 직전 동일 특성 블록과 2판 간격 (최소 3판 간격 필요)'],2025-01-16 11:06,2025-01-16 20:00,2025-01-17 03:59,2025-01-16 11:06,2025-01-17 03:59,1199.3,19.99,36.0,53.7,14.4,45.4,60.3,125.4,35.0,77.3
b80_heavy_work_r1,SPT,Small (20-80),80,heavy_work,137.45,19,20250116,28,59,BLK_59C,C,fixed,F_7,F_7,2025-01-21,10.5,7,2,0,False,3,35A,False,265.4,True,NORMAL,False,0,0,0,[],[],[],2025-01-16 11:42,2025-01-16 20:54,2025-01-17 01:45,2025-01-16 11:42,2025-01-17 01:45,1199.3,19.99,24.0,57.7,14.4,50.6,32.2,41.4,20.6,24.5
b80_heavy_work_r1,SPT,Small (20-80),80,heavy_work,137.45,19,20250116,29,39,BLK_39C,C,fixed,F_7,F_7,2025-01-21,19.8,18,5,0,False,8,36B,False,327.7,True,NORMAL,False,0,0,0,[],[],[],2025-01-16 12:06,2025-01-16 21:52,2025-01-17 04:56,2025-01-16 12:06,2025-01-17 04:56,1256.7,20.94,36.0,36.8,14.4,23.1,47.7,87.6,28.6,53.5
b80_heavy_work_r1,SPT,Small (20-80),80,heavy_work,137.45,19,20250116,30,15,BLK_15S,S,line,L_2,L_21,2025-01-20,20.9,19,6,3,False,11,35A,False,663.1,True,NORMAL,False,0,0,0,[],[],[],2025-01-16 12:42,2025-01-16 22:28,2025-01-17 08:56,2025-01-16 12:42,2025-01-17 08:56,1496.1,24.93,36.0,207.2,14.4,150.5,77.8,91.8,29.3,56.2
b80_heavy_work_r1,SPT,Small (20-80),80,heavy_work,137.45,19,20250116,31,49,BLK_49S,S,fixed,F_7,F_7,2025-01-21,19.0,22,4,0,False,7,36B,False,366.4,True,NORMAL,False,0,0,0,[],[],[],2025-01-16 13:18,2025-01-17 01:56,2025-01-17 10:05,2025-01-16 13:18,2025-01-17 10:05,1565.2,26.09,30.0,43.6,14.4,32.0,46.5,104.4,31.4,64.1
b80_heavy_work_r1,SPT,Small (20-80),80,heavy_work,137.45,19,20250116,32,2,BLK_2C,C,line,L_1,L_12,2025-01-21,20.3,17,4,0,False,4,35A,False,374.0,True,NORMAL,False,0,0,0,[],[],[],2025-01-16 13:48,2025-01-17 02:39,2025-01-17 10:13,2025-01-16 13:48,2025-01-17 10:13,1574.0,26.23,30.0,63.2,14.4,57.8,46.5,83.4,27.8,50.9
b80_heavy_work_r1,SPT,Small (20-80),80,heavy_work,137.45,19,20250116,33,23,BLK_23C,C,line,L_2,L_21,2025-01-21,10.8,7,1,0,False,4,36B,False,236.6,True,NORMAL,False,0,0,0,[],[],[],2025-01-16 14:18,2025-01-17 03:42,2025-01-17 10:29,2025-01-16 14:18,2025-01-17 10:29,1589.7,26.5,14.4,50.8,14.4,41.5,28.9,41.4,20.6,24.5
b80_heavy_work_r1,SPT,Small (20-80),80,heavy_work,137.45,19,20250116,34,70,BLK_70S,S,fixed,F_8,F_8,2025-01-21,19.9,22,6,0,False,9,35A,False,367.2,True,NORMAL,False,0,0,0,[],[],[],2025-01-16 14:32,2025-01-17 04:33,2025-01-17 12:17,2025-01-16 14:32,2025-01-17 12:17,1697.9,28.3,36.0,36.7,14.4,23.0,57.1,104.4,31.4,64.1
b80_heavy_work_r1,SPT,Small (20-80),80,heavy_work,137.45,19,20250116,35,18,BLK_18C,C,line,L_1,L_12,2025-01-21,20.9,22,5,0,False,7,36B,False,377.2,True,NORMAL,False,0,0,0,[],[],[],2025-01-16 15:08,2025-01-17 05:10,2025-01-17 13:11,2025-01-16 15:08,2025-01-17 13:11,1751.5,29.19,36.0,42.6,14.4,30.7,53.7,104.4,31.4,64.1
b80_heavy_work_r1,SPT,Small (20-80),80,heavy_work,137.45,19,20250117,36,31,BLK_31P,P,line,L_2,L_21,2025-01-21,19.0,19,4,0,True,7,35A,False,381.1,True,NORMAL,False,0,0,0,[],[],[],2025-01-17 08:00,2025-01-17 08:30,2025-01-17 14:21,2025-01-17 08:00,2025-01-17 14:21,381.1,6.35,30.0,59.5,14.4,52.9,47.0,91.8,29.3,56.2
b80_heavy_work_r1,SPT,Small (20-80),80,heavy_work,137.45,19,20250117,37,27,BLK_27P,P,line,L_2,L_21,2025-01-21,23.5,30,6,0,False,11,36B,False,429.5,True,NORMAL,False,1,1,1,['P7#10'],['LONGI30_BAY_PREF_FAMILY'],['론지 30개 ≥ 30개인데 B베이 할당됨 (A베이 권장)'],2025-01-17 08:30,2025-01-17 09:29,2025-01-17 16:43,2025-01-17 08:30,2025-01-17 16:43,523.4,8.72,36.0,36.6,14.4,22.9,59.2,138.0,37.2,85.2
b80_heavy_work_r1,SPT,Small (20-80),80,heavy_work,137.45,19,20250117,38,60,BLK_60C,C,fixed,F_8,F_8,2025-01-21,17.2,12,5,1,False,7,35A,False,456.5,True,NORMAL,False,0,0,0,[],[],[],2025-01-17 09:06,2025-01-17 10:06,2025-01-17 16:57,2025-01-17 09:06,2025-01-17 16:57,537.0,8.95,45.6,121.8,14.4,96.4,54.0,62.4,24.2,37.7
b80_heavy_work_r1,SPT,Small (20-80),80,heavy_work,137.45,19,20250117,39,37,BLK_37C,C,fixed,F_5,F_5,2025-01-21,17.3,16,4,0,False,5,36B,False,494.1,True,NORMAL,False,0,0,0,[],[],[],2025-01-17 09:51,2025-01-17 12:07,2025-01-17 19:42,2025-01-17 09:51,2025-01-17 19:42,702.5,11.71,39.6,132.0,14.4,105.6,48.0,79.2,27.1,48.2
b80_heavy_work_r1,SPT,Small (20-80),80,heavy_work,137.45,19,20250117,40,50,BLK_50P,P,fixed,F_8,F_8,2025-01-21,16.2,9,4,3,False,4,35A,False,470.0,True,NORMAL,False,0,0,0,[],[],[],2025-01-17 10:31,2025-01-17 14:19,2025-01-17 21:21,2025-01-17 10:31,2025-01-17 21:21,801.9,13.36,48.0,147.2,14.4,103.6,55.1,49.8,22.1,29.8
b80_heavy_work_r1,SPT,Small (20-80),80,heavy_work,137.45,19,20250117,41,54,BLK_54P,P,fixed,F_2,F_2,2025-01-21,19.2,14,4,1,False,7,36B,False,494.9,True,NORMAL,True,1,1,2,['ROUTING_C_SEAM_SPACING'],['C_SEAM_SPACING_FAMILY'],['C/Seam 블록 연속 배치 불가'],2025-01-17 11:19,2025-01-17 16:47,2025-01-18 00:22,2025-01-17 11:19,2025-01-18 00:22,982.4,16.37,39.6,138.2,14.4,111.3,52.0,70.8,25.7,43.0
b80_heavy_work_r1,SPT,Small (20-80),80,heavy_work,137.45,19,20250117,41,79,BLK_54P,P,fixed,F_2,F_2,2025-01-21,19.2,14,4,1,False,7,36B,False,494.9,True,NORMAL,True,0,0,0,[],[],[],2025-01-17 11:19,2025-01-17 16:47,2025-01-18 00:22,2025-01-17 11:19,2025-01-18 00:22,982.4,16.37,39.6,138.2,14.4,111.3,52.0,70.8,25.7,43.0
b80_heavy_work_r1,SPT,Small (20-80),80,heavy_work,137.45,19,20250117,42,14,BLK_14P,P,line,L_1,L_12,2025-01-21,15.3,13,5,2,False,6,35A,False,524.8,True,NORMAL,False,1,1,1,['ROUTING_C_SEAM_SPACING'],['C_SEAM_SPACING_FAMILY'],['C/Seam 블록 연속 배치 불가'],2025-01-17 11:58,2025-01-17 19:05,2025-01-18 02:56,2025-01-17 11:58,2025-01-18 02:56,1136.1,18.94,54.0,154.3,14.4,111.6,58.6,66.6,25.0,40.3
b80_heavy_work_r1,SPT,Small (20-80),80,heavy_work,137.45,19,20250117,43,6,BLK_6C,C,line,L_1,L_12,2025-01-21,10.4,13,2,2,False,5,36B,False,529.5,True,NORMAL,False,1,1,1,['ROUTING_C_SEAM_SPACING'],['C_SEAM_SPACING_FAMILY'],['C/Seam 블록 연속 배치 불가'],2025-01-17 12:52,2025-01-17 21:39,2025-01-18 05:47,2025-01-17 12:52,2025-01-18 05:47,1307.2,21.79,42.0,170.8,14.4,124.8,45.6,66.6,25.0,40.3
b80_heavy_work_r1,SPT,Small (20-80),80,heavy_work,137.45,19,20250117,44,57,BLK_57S,S,fixed,F_5,F_5,2025-01-21,20.8,25,7,1,False,13,35A,False,612.3,True,NORMAL,False,1,1,1,['ROUTING_C_SEAM_SPACING'],['C_SEAM_SPACING_FAMILY'],['C/Seam 블록 연속 배치 불가'],2025-01-17 13:34,2025-01-18 00:30,2025-01-18 09:48,2025-01-17 13:34,2025-01-18 09:48,1548.8,25.81,54.0,125.6,14.4,124.9,70.7,117.0,33.6,72.0
b80_heavy_work_r1,SPT,Small (20-80),80,heavy_work,137.45,19,20250117,45,69,BLK_69P,P,fixed,F_7,F_7,2025-01-21,20.9,22,5,2,False,8,36B,False,686.9,True,NORMAL,False,1,1,1,['ROUTING_C_SEAM_SPACING'],['C_SEAM_SPACING_FAMILY'],['C/Seam 블록 연속 배치 불가'],2025-01-17 14:28,2025-01-18 02:36,2025-01-18 13:09,2025-01-17 14:28,2025-01-18 13:09,1749.0,29.15,54.0,189.9,14.4,165.2,63.4,104.4,31.4,64.1
b80_heavy_work_r1,SPT,Small (20-80),80,heavy_work,137.45,19,20250117,46,26,BLK_26P,P,line,L_1,L_12,2025-01-22,10.4,12,2,0,False,3,35A,False,267.8,True,NORMAL,False,0,0,0,[],[],[],2025-01-17 15:22,2025-01-18 05:46,2025-01-18 12:27,2025-01-17 15:22,2025-01-18 12:27,1749.0,29.15,24.0,41.7,14.4,29.5,33.8,62.4,24.2,37.7
b80_heavy_work_r1,SPT,Small (20-80),80,heavy_work,137.45,19,20250117,47,30,BLK_30S,S,line,L_1,L_12,2025-01-22,16.2,18,4,0,False,4,36B,False,321.5,True,NORMAL,False,0,0,0,[],[],[],2025-01-17 15:46,2025-01-18 06:27,2025-01-18 14:23,2025-01-17 15:46,2025-01-18 14:23,1823.2,30.39,30.0,38.2,14.4,25.0,44.2,87.6,28.6,53.5
b80_heavy_work_r1,SPT,Small (20-80),80,heavy_work,137.45,19,20250117,48,22,BLK_22S,S,line,L_1,L_12,2025-01-22,16.5,19,4,1,False,6,35A,False,463.1,True,NORMAL,False,1,1,1,['LINE_GROUP_CONSTRAINT'],['LINE_GROUP_FAMILY'],['라인 그룹 연속 제한 위반: L_12 3판 연속 → 최대 2판'],2025-01-17 16:16,2025-01-18 07:05,2025-01-18 14:55,2025-01-17 16:16,2025-01-18 14:55,1855.6,30.93,39.6,102.2,14.4,78.5,51.3,91.8,29.3,56.2
b80_heavy_work_r1,SPT,Small (20-80),80,heavy_work,137.45,19,20250117,49,51,BLK_51P,P,fixed,F_9,F_9,2025-01-23,5.7,7,2,0,False,4,36B,False,216.1,True,NORMAL,False,0,0,0,[],[],[],2025-01-17 16:56,2025-01-18 08:48,2025-01-18 14:47,2025-01-17 16:56,2025-01-18 14:47,1855.6,30.93,24.0,38.9,14.4,25.8,31.3,41.4,15.8,24.5
b80_heavy_work_r1,SPT,Small (20-80),80,heavy_work,137.45,19,20250117,50,38,BLK_38C,C,fixed,F_6,F_6,2025-01-23,5.7,9,1,0,False,2,35A,False,216.9,True,NORMAL,False,0,0,0,[],[],[],2025-01-17 17:20,2025-01-18 09:27,2025-01-18 15:25,2025-01-17 17:20,2025-01-18 15:25,1885.4,31.42,14.4,39.9,14.4,27.2,24.1,49.8,17.3,29.8
b80_heavy_work_r1,SPT,Small (20-80),80,heavy_work,137.45,19,20250118,51,41,BLK_41C,C,fixed,F_9,F_9,2025-01-23,5.7,9,1,0,False,5,36B,False,251.3,True,NORMAL,False,0,0,0,[],[],[],2025-01-18 08:00,2025-01-18 10:06,2025-01-18 15:19,2025-01-18 08:00,2025-01-18 15:19,445.4,7.42,14.4,54.2,14.4,46.0,25.5,49.8,17.3,29.8
b80_heavy_work_r1,SPT,Small (20-80),80,heavy_work,137.45,19,20250118,52,61,BLK_61S,S,fixed,F_9,F_9,2025-01-23,11.2,12,2,0,False,6,35A,False,263.4,True,NORMAL,False,0,0,0,[],[],[],2025-01-18 08:14,2025-01-18 11:01,2025-01-18 16:24,2025-01-18 08:14,2025-01-18 16:24,504.3,8.4,24.0,40.1,14.4,27.4,33.2,62.4,24.2,37.7
b80_heavy_work_r1,SPT,Small (20-80),80,heavy_work,137.45,19,20250118,53,65,BLK_65C,C,fixed,F_3,F_3,2025-01-23,7.8,14,4,0,False,6,36B,False,282.7,True,NORMAL,False,0,0,0,[],[],[],2025-01-18 08:38,2025-01-18 11:41,2025-01-18 16:51,2025-01-18 08:38,2025-01-18 16:51,531.7,8.86,30.0,37.1,14.4,23.5,38.3,70.8,25.7,43.0
b80_heavy_work_r1,SPT,Small (20-80),80,heavy_work,137.45,19,20250118,54,4,BLK_4C,C,line,L_2,L_22,2025-01-23,13.2,13,4,0,False,7,35A,False,288.9,True,NORMAL,False,0,0,0,[],[],[],2025-01-18 09:08,2025-01-18 12:18,2025-01-18 17:34,2025-01-18 09:08,2025-01-18 17:34,574.2,9.57,30.0,41.2,14.4,28.9,42.5,66.6,25.0,40.3
b80_heavy_work_r1,SPT,Small (20-80),80,heavy_work,137.45,19,20250118,55,35,BLK_35C,C,fixed,F_3,F_3,2025-01-23,13.2,13,2,0,False,4,36B,False,291.5,True,NORMAL,False,0,0,0,[],[],[],2025-01-18 09:38,2025-01-18 12:59,2025-01-18 18:01,2025-01-18 09:38,2025-01-18 18:01,601.7,10.03,24.0,47.5,14.4,37.2,36.5,66.6,25.0,40.3
b80_heavy_work_r1,SPT,Small (20-80),80,heavy_work,137.45,19,20250118,56,76,BLK_76P,P,fixed,F_4,F_4,2025-01-23,10.8,15,5,0,False,6,35A,False,303.6,True,NORMAL,False,0,0,0,[],[],[],2025-01-18 10:02,2025-01-18 13:47,2025-01-18 19:03,2025-01-18 10:02,2025-01-18 19:03,663.8,11.06,36.0,36.5,14.4,22.7,47.0,75.0,26.4,45.6
b80_heavy_work_r1,SPT,Small (20-80),80,heavy_work,137.45,19,20250118,57,75,BLK_75C,C,fixed,F_3,F_3,2025-01-23,15.2,14,4,0,False,5,36B,False,325.1,True,NORMAL,False,0,0,0,[],[],[],2025-01-18 10:38,2025-01-18 14:23,2025-01-18 19:38,2025-01-18 10:38,2025-01-18 19:38,698.4,11.64,30.0,53.7,14.4,45.4,42.1,70.8,25.7,43.0
b80_heavy_work_r1,SPT,Small (20-80),80,heavy_work,137.45,19,20250118,58,46,BLK_46P,P,fixed,F_4,F_4,2025-01-23,19.0,18,5,0,False,6,35A,False,325.4,True,NORMAL,False,0,0,0,[],[],[],2025-01-18 11:08,2025-01-18 15:17,2025-01-18 20:57,2025-01-18 11:08,2025-01-18 20:57,777.7,12.96,36.0,35.2,14.4,21.0,49.0,87.6,28.6,53.5
b80_heavy_work_r1,SPT,Small (20-80),80,heavy_work,137.45,19,20250118,59,67,BLK_67P,P,fixed,F_5,F_5,2025-01-23,16.2,20,2,0,False,4,36B,False,332.4,True,NORMAL,False,0,0,0,[],[],[],2025-01-18 11:44,2025-01-18 15:52,2025-01-18 21:48,2025-01-18 11:44,2025-01-18 21:48,828.5,13.81,24.0,42.7,14.4,30.8,35.7,96.0,30.0,58.8
b80_heavy_work_r1,SPT,Small (20-80),80,heavy_work,137.45,19,20250118,60,47,BLK_47P,P,fixed,F_5,F_5,2025-01-23,8.6,10,1,0,False,5,35A,False,339.2,True,NORMAL,False,0,0,0,[],[],[],2025-01-18 12:08,2025-01-18 16:35,2025-01-18 22:00,2025-01-18 12:08,2025-01-18 22:00,840.1,14.0,14.4,88.5,14.4,91.1,26.4,54.0,18.0,32.4
b80_heavy_work_r1,SPT,Small (20-80),80,heavy_work,137.45,19,20250118,61,78,BLK_47S,S,fixed,F_5,F_5,2025-01-23,8.6,10,1,0,False,5,36B,False,339.2,True,NORMAL,False,0,0,0,[],[],[],2025-01-18 12:22,2025-01-18 18:03,2025-01-18 23:31,2025-01-18 12:22,2025-01-18 23:31,931.2,15.52,14.4,88.5,14.4,91.1,26.4,54.0,18.0,32.4
b80_heavy_work_r1,SPT,Small (20-80),80,heavy_work,137.45,19,20250118,62,8,BLK_8C,C,line,L_2,L_22,2025-01-23,17.9,18,6,0,False,8,35A,False,367.9,True,NORMAL,False,0,0,0,[],[],[],2025-01-18 12:37,2025-01-18 19:32,2025-01-19 01:48,2025-01-18 12:37,2025-01-19 01:48,1068.5,17.81,36.0,49.5,14.4,39.8,58.5,87.6,28.6,53.5
b80_heavy_work_r1,SPT,Small (20-80),80,heavy_work,137.45,19,20250118,63,68,BLK_68P,P,fixed,F_6,F_6,2025-01-23,20.9,23,4,0,False,7,36B,False,378.0,True,NORMAL,False,0,0,0,[],[],[],2025-01-18 13:13,2025-01-18 20:21,2025-01-19 03:13,2025-01-18 13:13,2025-01-19 03:13,1153.5,19.22,30.0,45.0,14.4,33.9,47.2,108.6,32.2,66.7
b80_heavy_work_r1,SPT,Small (20-80),80,heavy_work,137.45,19,20250118,64,45,BLK_45C,C,fixed,F_3,F_3,2025-01-23,5.7,11,1,2,False,2,35A,False,461.1,True,NORMAL,False,0,0,0,[],[],[],2025-01-18 13:43,2025-01-18 21:06,2025-01-19 04:15,2025-01-18 13:43,2025-01-19 04:15,1215.5,20.26,32.4,151.1,14.4,109.1,37.3,58.2,23.5,35.0
b80_heavy_work_r1,SPT,Small (20-80),80,heavy_work,137.45,19,20250119,65,56,BLK_56C,C,fixed,F_4,F_4,2025-01-23,18.2,24,6,0,False,8,36B,False,382.1,True,NORMAL,False,0,0,0,[],[],[],2025-01-19 08:00,2025-01-19 08:36,2025-01-19 14:22,2025-01-19 08:00,2025-01-19 14:22,382.1,6.37,36.0,36.3,14.4,22.4,58.0,112.8,32.9,69.4
b80_heavy_work_r1,SPT,Small (20-80),80,heavy_work,137.45,19,20250119,66,66,BLK_66P,P,fixed,F_4,F_4,2025-01-23,23.5,29,5,0,False,9,36B,False,421.2,True,NORMAL,False,0,0,0,[],[],[],2025-01-19 08:36,2025-01-19 09:12,2025-01-19 16:52,2025-01-19 08:36,2025-01-19 16:52,532.7,8.88,36.0,38.2,14.4,24.9,54.9,133.8,36.5,82.6
b80_heavy_work_r1,SPT,Small (20-80),80,heavy_work,137.45,19,20250119,67,77,BLK_66S,S,fixed,F_4,F_4,2025-01-23,23.5,29,5,0,False,9,36B,False,421.2,True,NORMAL,False,1,1,1,['P7#7'],['BAY_STREAK_FAMILY'],['B베이 3개 연속 배치 불가 (현재 블록 포함 카운트)'],2025-01-19 09:12,2025-01-19 09:50,2025-01-19 19:06,2025-01-19 09:12,2025-01-19 19:06,666.5,11.11,36.0,38.2,14.4,24.9,54.9,133.8,36.5,82.6
b80_heavy_work_r1,SPT,Small (20-80),80,heavy_work,137.45,19,20250119,68,48,BLK_48C,C,fixed,F_6,F_6,2025-01-23,22.6,30,6,0,False,11,36B,False,433.6,True,NORMAL,False,2,2,2,"['P7#7', 'P7#10']","['BAY_STREAK_FAMILY', 'LONGI30_BAY_PREF_FAMILY']","['B베이 4개 연속 배치 불가 (현재 블록 포함 카운트)', '론지 30개 ≥ 30개인데 B베이 할당됨 (A베이 권장)']",2025-01-19 09:48,2025-01-19 10:28,2025-01-19 21:27,2025-01-19 09:48,2025-01-19 21:27,807.9,13.46,36.0,37.6,14.4,24.1,61.1,138.0,37.2,85.2
b80_heavy_work_r1,SPT,Small (20-80),80,heavy_work,137.45,19,20250119,69,55,BLK_55P,P,fixed,F_3,F_3,2025-01-23,16.5,15,4,1,False,6,35A,False,453.0,True,NORMAL,False,0,0,0,[],[],[],2025-01-19 10:24,2025-01-19 11:06,2025-01-19 17:59,2025-01-19 10:24,2025-01-19 17:59,807.9,13.46,39.6,114.8,14.4,90.0,47.2,75.0,26.4,45.6
b80_heavy_work_r1,SPT,Small (20-80),80,heavy_work,137.45,19,20250119,70,36,BLK_36C,C,fixed,F_4,F_4,2025-01-23,17.3,19,5,0,False,9,36B,False,491.3,True,NORMAL,False,0,0,0,[],[],[],2025-01-19 11:03,2025-01-19 13:01,2025-01-19 22:24,2025-01-19 11:03,2025-01-19 22:24,864.1,14.4,45.6,112.3,14.4,87.7,54.0,91.8,29.3,56.2
b80_heavy_work_r1,SPT,Small (20-80),80,heavy_work,137.45,19,20250119,71,58,BLK_58P,P,fixed,F_6,F_6,2025-01-23,5.7,9,1,2,False,5,35A,False,466.7,True,NORMAL,False,0,0,0,[],[],[],2025-01-19 11:49,2025-01-19 14:53,2025-01-19 22:07,2025-01-19 11:49,2025-01-19 22:07,864.1,14.4,32.4,165.9,14.4,120.8,36.4,49.8,17.3,29.8
b80_heavy_work_r1,SPT,Small (20-80),80,heavy_work,137.45,19,20250119,72,28,BLK_28S,S,line,L_2,L_22,2025-01-23,20.9,25,5,0,False,9,36B,False,385.9,True,NORMAL,False,0,0,0,[],[],[],2025-01-19 12:21,2025-01-19 17:39,2025-01-20 01:06,2025-01-19 12:21,2025-01-20 01:06,1026.0,17.1,36.0,37.0,14.4,23.4,52.5,117.0,33.6,72.0
b80_heavy_work_r1,SPT,Small (20-80),80,heavy_work,137.45,19,20250119,73,12,BLK_12C,C,line,L_2,L_22,2025-01-23,10.3,8,4,1,False,6,35A,False,445.1,True,NORMAL,False,0,0,0,[],[],[],2025-01-19 12:57,2025-01-19 18:16,2025-01-20 01:01,2025-01-19 12:57,2025-01-20 01:01,1026.0,17.1,39.6,139.2,14.4,112.2,45.6,45.6,21.4,27.1
b80_heavy_work_r1,SPT,Small (20-80),80,heavy_work,137.45,19,20250120,74,24,BLK_24P,P,line,L_2,L_22,2025-01-23,23.5,21,6,0,False,9,36B,False,390.2,True,NORMAL,False,1,1,1,['LINE_GROUP_CONSTRAINT'],['LINE_GROUP_FAMILY'],['라인 그룹 연속 제한 위반: L_22 3판 연속 → 최대 2판'],2025-01-20 08:00,2025-01-20 08:36,2025-01-20 14:30,2025-01-20 08:00,2025-01-20 14:30,390.2,6.5,36.0,49.3,14.4,39.6,58.5,100.2,30.7,61.4
b80_heavy_work_r1,SPT,Small (20-80),80,heavy_work,137.45,19,20250120,75,64,BLK_64P,P,fixed,F_2,F_2,2025-01-23,16.1,13,5,2,False,8,35A,False,604.7,True,NORMAL,False,0,0,0,[],[],[],2025-01-20 08:36,2025-01-20 09:30,2025-01-20 18:40,2025-01-20 08:36,2025-01-20 18:40,640.7,10.68,54.0,196.4,14.4,145.3,62.7,66.6,25.0,40.3
b80_heavy_work_r1,SPT,Small (20-80),80,heavy_work,137.45,19,20250120,76,16,BLK_16P,P,line,L_2,L_22,2025-01-23,10.8,15,1,2,False,3,36B,False,543.3,True,NORMAL,False,1,1,1,['ROUTING_C_SEAM_SPACING'],['C_SEAM_SPACING_FAMILY'],['C/Seam 블록 연속 배치 불가'],2025-01-20 09:30,2025-01-20 12:46,2025-01-20 21:17,2025-01-20 09:30,2025-01-20 21:17,797.3,13.29,32.4,177.9,14.4,130.5,41.0,75.0,26.4,45.6
b80_heavy_work_r1,SPT,Small (20-80),80,heavy_work,137.45,19,20250120,77,71,BLK_71P,P,fixed,F_9,F_9,2025-01-23,19.0,17,6,1,False,9,35A,False,505.7,True,NORMAL,True,1,1,2,['ROUTING_C_SEAM_SPACING'],['C_SEAM_SPACING_FAMILY'],['C/Seam 블록 연속 배치 불가'],2025-01-20 10:02,2025-01-20 15:44,2025-01-20 23:36,2025-01-20 10:02,2025-01-20 23:36,936.7,15.61,36.0,127.9,14.4,101.9,63.4,83.4,27.8,50.9
b80_heavy_work_r1,SPT,Small (20-80),80,heavy_work,137.45,19,20250120,77,80,BLK_71P,P,fixed,F_9,F_9,2025-01-23,19.0,17,6,1,False,9,35A,False,505.7,True,NORMAL,True,0,0,0,[],[],[],2025-01-20 10:02,2025-01-20 15:44,2025-01-20 23:36,2025-01-20 10:02,2025-01-20 23:36,936.7,15.61,36.0,127.9,14.4,101.9,63.4,83.4,27.8,50.9
b80_heavy_work_r1,SPT,Small (20-80),80,heavy_work,137.45,19,20250120,78,20,BLK_20S,S,line,L_2,L_22,2025-01-23,10.7,16,4,1,False,6,36B,False,494.7,True,NORMAL,False,1,1,1,['ROUTING_C_SEAM_SPACING'],['C_SEAM_SPACING_FAMILY'],['C/Seam 블록 연속 배치 불가'],2025-01-20 10:38,2025-01-20 17:52,2025-01-21 01:27,2025-01-20 10:38,2025-01-21 01:27,1047.4,17.46,39.6,132.6,14.4,106.2,47.4,79.2,27.1,48.2
