grid_case_id,method_label,block_id,block_name,sequence,process_name,process_index,start_time,end_time,duration_min,assigned_bay,machine_type
b100_mixed_ps_sub_r1,GA,13,BLK_13S,1,판계,1,2025-07-23 08:00:00,2025-07-23 08:38:00,38.0,,공통
b100_mixed_ps_sub_r1,GA,13,BLK_13S,1,전면SAW,2,2025-07-23 08:38:00,2025-07-23 10:21:09,103.2,,공통
b100_mixed_ps_sub_r1,GA,13,BLK_13S,1,TurnOver,3,2025-07-23 10:21:09,2025-07-23 10:33:09,12.0,,공통
b100_mixed_ps_sub_r1,GA,13,BLK_13S,1,후면SAW,4,2025-07-23 10:33:09,2025-07-23 11:54:57,81.8,,공통
b100_mixed_ps_sub_r1,GA,13,BLK_13S,1,NC,5,2025-07-23 11:54:57,2025-07-23 12:42:13,47.3,,공통
b100_mixed_ps_sub_r1,GA,13,BLK_13S,1,베이35A 론지취부,6,2025-07-23 12:42:13,2025-07-23 13:51:43,69.5,35A,베이35A
b100_mixed_ps_sub_r1,GA,13,BLK_13S,1,베이35A 론지용접,7,2025-07-23 13:51:43,2025-07-23 14:14:55,23.2,35A,베이35A
b100_mixed_ps_sub_r1,GA,13,BLK_13S,1,베이35A 수정,8,2025-07-23 14:14:55,2025-07-23 14:57:19,42.4,35A,베이35A
b100_mixed_ps_sub_r1,GA,66,BLK_66C,2,판계,1,2025-07-23 08:38:00,2025-07-23 09:08:00,30.0,,공통
b100_mixed_ps_sub_r1,GA,66,BLK_66C,2,전면SAW,2,2025-07-23 10:21:09,2025-07-23 11:08:49,47.7,,공통
b100_mixed_ps_sub_r1,GA,66,BLK_66C,2,TurnOver,3,2025-07-23 11:08:49,2025-07-23 11:20:49,12.0,,공통
b100_mixed_ps_sub_r1,GA,66,BLK_66C,2,후면SAW,4,2025-07-23 11:54:57,2025-07-23 12:36:34,41.6,,공통
b100_mixed_ps_sub_r1,GA,66,BLK_66C,2,NC,5,2025-07-23 12:42:13,2025-07-23 13:26:07,43.9,,공통
b100_mixed_ps_sub_r1,GA,66,BLK_66C,2,베이36B 론지취부,6,2025-07-23 13:26:07,2025-07-23 14:46:07,80.0,36B,베이36B
b100_mixed_ps_sub_r1,GA,66,BLK_66C,2,베이36B 론지용접,7,2025-07-23 14:46:07,2025-07-23 15:11:07,25.0,36B,베이36B
b100_mixed_ps_sub_r1,GA,66,BLK_66C,2,베이36B 수정,8,2025-07-23 15:11:07,2025-07-23 16:00:07,49.0,36B,베이36B
b100_mixed_ps_sub_r1,GA,37,BLK_37C,3,판계,1,2025-07-23 09:08:00,2025-07-23 09:41:00,33.0,,공통
b100_mixed_ps_sub_r1,GA,37,BLK_37C,3,전면SAW,2,2025-07-23 11:08:49,2025-07-23 12:30:06,81.3,,공통
b100_mixed_ps_sub_r1,GA,37,BLK_37C,3,TurnOver,3,2025-07-23 12:30:06,2025-07-23 12:42:06,12.0,,공통
b100_mixed_ps_sub_r1,GA,37,BLK_37C,3,후면SAW,4,2025-07-23 12:42:06,2025-07-23 13:43:59,61.9,,공통
b100_mixed_ps_sub_r1,GA,37,BLK_37C,3,NC,5,2025-07-23 13:43:59,2025-07-23 14:20:30,36.5,,공통
b100_mixed_ps_sub_r1,GA,37,BLK_37C,3,베이35A 론지취부,6,2025-07-23 14:20:30,2025-07-23 15:02:00,41.5,35A,베이35A
b100_mixed_ps_sub_r1,GA,37,BLK_37C,3,베이35A 론지용접,7,2025-07-23 15:02:00,2025-07-23 15:20:24,18.4,35A,베이35A
b100_mixed_ps_sub_r1,GA,37,BLK_37C,3,베이35A 수정,8,2025-07-23 15:20:24,2025-07-23 15:45:12,24.8,35A,베이35A
b100_mixed_ps_sub_r1,GA,22,BLK_22C,4,판계,1,2025-07-23 09:41:00,2025-07-23 10:09:00,28.0,,공통
b100_mixed_ps_sub_r1,GA,22,BLK_22C,4,전면SAW,2,2025-07-23 12:30:06,2025-07-23 14:03:10,93.1,,공통
b100_mixed_ps_sub_r1,GA,22,BLK_22C,4,TurnOver,3,2025-07-23 14:03:10,2025-07-23 14:15:10,12.0,,공통
b100_mixed_ps_sub_r1,GA,22,BLK_22C,4,후면SAW,4,2025-07-23 14:15:10,2025-07-23 15:27:46,72.6,,공통
b100_mixed_ps_sub_r1,GA,22,BLK_22C,4,NC,5,2025-07-23 15:27:46,2025-07-23 16:00:03,32.3,,공통
b100_mixed_ps_sub_r1,GA,22,BLK_22C,4,베이36B 론지취부,6,2025-07-23 16:00:03,2025-07-23 16:38:03,38.0,36B,베이36B
b100_mixed_ps_sub_r1,GA,22,BLK_22C,4,베이36B 론지용접,7,2025-07-23 16:38:03,2025-07-23 16:55:51,17.8,36B,베이36B
b100_mixed_ps_sub_r1,GA,22,BLK_22C,4,베이36B 수정,8,2025-07-23 16:55:51,2025-07-23 17:18:27,22.6,36B,베이36B
b100_mixed_ps_sub_r1,GA,3,BLK_3C,5,판계,1,2025-07-23 10:09:00,2025-07-23 11:06:00,57.0,,공통
b100_mixed_ps_sub_r1,GA,3,BLK_3C,5,전면SAW,2,2025-07-23 14:03:10,2025-07-23 17:13:10,190.0,,공통
b100_mixed_ps_sub_r1,GA,3,BLK_3C,5,TurnOver,3,2025-07-23 17:13:10,2025-07-23 17:25:10,12.0,,공통
b100_mixed_ps_sub_r1,GA,3,BLK_3C,5,후면SAW,4,2025-07-23 17:25:10,2025-07-23 20:05:55,160.8,,공통
b100_mixed_ps_sub_r1,GA,3,BLK_3C,5,NC,5,2025-07-23 20:05:55,2025-07-23 21:10:59,65.1,,공통
b100_mixed_ps_sub_r1,GA,3,BLK_3C,5,베이35A 론지취부,6,2025-07-23 21:10:59,2025-07-23 22:20:29,69.5,35A,베이35A
b100_mixed_ps_sub_r1,GA,3,BLK_3C,5,베이35A 론지용접,7,2025-07-23 22:20:29,2025-07-23 22:43:41,23.2,35A,베이35A
b100_mixed_ps_sub_r1,GA,3,BLK_3C,5,베이35A 수정,8,2025-07-23 22:43:41,2025-07-23 23:26:05,42.4,35A,베이35A
b100_mixed_ps_sub_r1,GA,1,BLK_1C,6,판계,1,2025-07-23 11:06:00,2025-07-23 11:41:00,35.0,,공통
b100_mixed_ps_sub_r1,GA,1,BLK_1C,6,전면SAW,2,2025-07-23 17:13:10,2025-07-23 19:40:25,147.2,,공통
b100_mixed_ps_sub_r1,GA,1,BLK_1C,6,TurnOver,3,2025-07-23 19:40:25,2025-07-23 19:52:25,12.0,,공통
b100_mixed_ps_sub_r1,GA,1,BLK_1C,6,후면SAW,4,2025-07-23 20:05:55,2025-07-23 21:53:51,107.9,,공통
b100_mixed_ps_sub_r1,GA,1,BLK_1C,6,NC,5,2025-07-23 21:53:51,2025-07-23 22:34:03,40.2,,공통
b100_mixed_ps_sub_r1,GA,1,BLK_1C,6,베이36B 론지취부,6,2025-07-23 22:34:03,2025-07-23 23:19:03,45.0,36B,베이36B
b100_mixed_ps_sub_r1,GA,1,BLK_1C,6,베이36B 론지용접,7,2025-07-23 23:19:03,2025-07-23 23:38:03,19.0,36B,베이36B
b100_mixed_ps_sub_r1,GA,1,BLK_1C,6,베이36B 수정,8,2025-07-23 23:38:03,2025-07-24 00:05:03,27.0,36B,베이36B
b100_mixed_ps_sub_r1,GA,6,BLK_6C,7,판계,1,2025-07-23 11:41:00,2025-07-23 12:09:00,28.0,,공통
b100_mixed_ps_sub_r1,GA,6,BLK_6C,7,전면SAW,2,2025-07-23 19:40:25,2025-07-23 21:13:01,92.6,,공통
b100_mixed_ps_sub_r1,GA,6,BLK_6C,7,TurnOver,3,2025-07-23 21:13:01,2025-07-23 21:25:01,12.0,,공통
b100_mixed_ps_sub_r1,GA,6,BLK_6C,7,후면SAW,4,2025-07-23 21:53:51,2025-07-23 23:23:50,90.0,,공통
b100_mixed_ps_sub_r1,GA,6,BLK_6C,7,NC,5,2025-07-23 23:23:50,2025-07-23 23:56:29,32.6,,공통
b100_mixed_ps_sub_r1,GA,6,BLK_6C,7,베이35A 론지취부,6,2025-07-23 23:56:29,2025-07-24 00:30:59,34.5,35A,베이35A
b100_mixed_ps_sub_r1,GA,6,BLK_6C,7,베이35A 론지용접,7,2025-07-24 00:30:59,2025-07-24 00:48:11,17.2,35A,베이35A
b100_mixed_ps_sub_r1,GA,6,BLK_6C,7,베이35A 수정,8,2025-07-24 00:48:11,2025-07-24 01:08:35,20.4,35A,베이35A
b100_mixed_ps_sub_r1,GA,2,BLK_2C,8,판계,1,2025-07-23 12:09:00,2025-07-23 12:39:00,30.0,,공통
b100_mixed_ps_sub_r1,GA,2,BLK_2C,8,전면SAW,2,2025-07-23 21:13:01,2025-07-23 21:45:34,32.5,,공통
b100_mixed_ps_sub_r1,GA,2,BLK_2C,8,TurnOver,3,2025-07-23 21:45:34,2025-07-23 21:57:34,12.0,,공통
b100_mixed_ps_sub_r1,GA,2,BLK_2C,8,후면SAW,4,2025-07-23 23:23:50,2025-07-23 23:45:32,21.7,,공통
b100_mixed_ps_sub_r1,GA,2,BLK_2C,8,NC,5,2025-07-23 23:56:29,2025-07-24 00:40:16,43.8,,공통
b100_mixed_ps_sub_r1,GA,2,BLK_2C,8,베이36B 론지취부,6,2025-07-24 00:40:16,2025-07-24 01:39:16,59.0,36B,베이36B
b100_mixed_ps_sub_r1,GA,2,BLK_2C,8,베이36B 론지용접,7,2025-07-24 01:39:16,2025-07-24 02:00:40,21.4,36B,베이36B
b100_mixed_ps_sub_r1,GA,2,BLK_2C,8,베이36B 수정,8,2025-07-24 02:00:40,2025-07-24 02:36:28,35.8,36B,베이36B
b100_mixed_ps_sub_r1,GA,5,BLK_5P,9,판계,1,2025-07-23 12:39:00,2025-07-23 12:59:00,20.0,,공통
b100_mixed_ps_sub_r1,GA,5,BLK_5P,9,전면SAW,2,2025-07-23 21:45:34,2025-07-23 22:14:09,28.6,,공통
b100_mixed_ps_sub_r1,GA,5,BLK_5P,9,TurnOver,3,2025-07-23 22:14:09,2025-07-23 22:26:09,12.0,,공통
b100_mixed_ps_sub_r1,GA,5,BLK_5P,9,후면SAW,4,2025-07-23 23:45:32,2025-07-24 00:02:01,16.5,,공통
b100_mixed_ps_sub_r1,GA,5,BLK_5P,9,NC,5,2025-07-24 00:40:16,2025-07-24 01:05:31,25.2,,공통
b100_mixed_ps_sub_r1,GA,5,BLK_5P,9,베이35A 론지취부,6,2025-07-24 01:05:31,2025-07-24 01:36:31,31.0,35A,베이35A
b100_mixed_ps_sub_r1,GA,5,BLK_5P,9,베이35A 론지용접,7,2025-07-24 01:36:31,2025-07-24 01:53:07,16.6,35A,베이35A
b100_mixed_ps_sub_r1,GA,5,BLK_5P,9,베이35A 수정,8,2025-07-24 01:53:07,2025-07-24 02:11:19,18.2,35A,베이35A
b100_mixed_ps_sub_r1,GA,9,BLK_9P,10,판계,1,2025-07-23 12:59:00,2025-07-23 13:44:00,45.0,,공통
b100_mixed_ps_sub_r1,GA,9,BLK_9P,10,전면SAW,2,2025-07-23 22:14:09,2025-07-24 00:53:30,159.3,,공통
b100_mixed_ps_sub_r1,GA,9,BLK_9P,10,TurnOver,3,2025-07-24 00:53:30,2025-07-24 01:05:30,12.0,,공통
b100_mixed_ps_sub_r1,GA,9,BLK_9P,10,후면SAW,4,2025-07-24 01:05:30,2025-07-24 03:03:05,117.6,,공통
b100_mixed_ps_sub_r1,GA,9,BLK_9P,10,NC,5,2025-07-24 03:03:05,2025-07-24 03:56:20,53.2,,공통
b100_mixed_ps_sub_r1,GA,9,BLK_9P,10,베이36B 론지취부,6,2025-07-24 03:56:20,2025-07-24 05:16:20,80.0,36B,베이36B
b100_mixed_ps_sub_r1,GA,9,BLK_9P,10,베이36B 론지용접,7,2025-07-24 05:16:20,2025-07-24 05:41:20,25.0,36B,베이36B
b100_mixed_ps_sub_r1,GA,9,BLK_9P,10,베이36B 수정,8,2025-07-24 05:41:20,2025-07-24 06:30:20,49.0,36B,베이36B
b100_mixed_ps_sub_r1,GA,10,BLK_10C,11,판계,1,2025-07-23 13:44:00,2025-07-23 14:04:00,20.0,,공통
b100_mixed_ps_sub_r1,GA,10,BLK_10C,11,전면SAW,2,2025-07-24 00:53:30,2025-07-24 01:34:19,40.8,,공통
b100_mixed_ps_sub_r1,GA,10,BLK_10C,11,TurnOver,3,2025-07-24 01:34:19,2025-07-24 01:46:19,12.0,,공통
b100_mixed_ps_sub_r1,GA,10,BLK_10C,11,후면SAW,4,2025-07-24 03:03:05,2025-07-24 03:35:42,32.6,,공통
b100_mixed_ps_sub_r1,GA,10,BLK_10C,11,NC,5,2025-07-24 03:56:20,2025-07-24 04:29:06,32.8,,공통
b100_mixed_ps_sub_r1,GA,10,BLK_10C,11,베이35A 론지취부,6,2025-07-24 04:29:06,2025-07-24 05:56:06,87.0,35A,베이35A
b100_mixed_ps_sub_r1,GA,10,BLK_10C,11,베이35A 론지용접,7,2025-07-24 05:56:06,2025-07-24 06:22:18,26.2,35A,베이35A
b100_mixed_ps_sub_r1,GA,10,BLK_10C,11,베이35A 수정,8,2025-07-24 06:22:18,2025-07-24 07:15:42,53.4,35A,베이35A
b100_mixed_ps_sub_r1,GA,14,BLK_14C,12,판계,1,2025-07-23 14:04:00,2025-07-23 14:49:00,45.0,,공통
b100_mixed_ps_sub_r1,GA,14,BLK_14C,12,전면SAW,2,2025-07-24 01:34:19,2025-07-24 03:50:07,135.8,,공통
b100_mixed_ps_sub_r1,GA,14,BLK_14C,12,TurnOver,3,2025-07-24 03:50:07,2025-07-24 04:02:07,12.0,,공통
b100_mixed_ps_sub_r1,GA,14,BLK_14C,12,후면SAW,4,2025-07-24 04:02:07,2025-07-24 05:58:19,116.2,,공통
b100_mixed_ps_sub_r1,GA,14,BLK_14C,12,NC,5,2025-07-24 05:58:19,2025-07-24 07:00:01,61.7,,공통
b100_mixed_ps_sub_r1,GA,14,BLK_14C,12,베이36B 론지취부,6,2025-07-24 07:00:01,2025-07-24 08:16:31,76.5,36B,베이36B
b100_mixed_ps_sub_r1,GA,14,BLK_14C,12,베이36B 론지용접,7,2025-07-24 08:16:31,2025-07-24 08:40:55,24.4,36B,베이36B
b100_mixed_ps_sub_r1,GA,14,BLK_14C,12,베이36B 수정,8,2025-07-24 08:40:55,2025-07-24 09:27:43,46.8,36B,베이36B
b100_mixed_ps_sub_r1,GA,21,BLK_21S,13,판계,1,2025-07-23 14:49:00,2025-07-23 15:19:00,30.0,,공통
b100_mixed_ps_sub_r1,GA,21,BLK_21S,13,전면SAW,2,2025-07-24 03:50:07,2025-07-24 04:23:37,33.5,,공통
b100_mixed_ps_sub_r1,GA,21,BLK_21S,13,TurnOver,3,2025-07-24 04:23:37,2025-07-24 04:35:37,12.0,,공통
b100_mixed_ps_sub_r1,GA,21,BLK_21S,13,후면SAW,4,2025-07-24 05:58:19,2025-07-24 06:21:16,22.9,,공통
b100_mixed_ps_sub_r1,GA,21,BLK_21S,13,NC,5,2025-07-24 07:00:01,2025-07-24 07:42:58,43.0,,공통
b100_mixed_ps_sub_r1,GA,21,BLK_21S,13,베이35A 론지취부,6,2025-07-24 07:42:58,2025-07-24 08:34:58,52.0,35A,베이35A
b100_mixed_ps_sub_r1,GA,21,BLK_21S,13,베이35A 론지용접,7,2025-07-24 08:34:58,2025-07-24 08:55:10,20.2,35A,베이35A
b100_mixed_ps_sub_r1,GA,21,BLK_21S,13,베이35A 수정,8,2025-07-24 08:55:10,2025-07-24 09:26:34,31.4,35A,베이35A
b100_mixed_ps_sub_r1,GA,17,BLK_17C,14,판계,1,2025-07-23 15:19:00,2025-07-23 15:54:00,35.0,,공통
b100_mixed_ps_sub_r1,GA,17,BLK_17C,14,전면SAW,2,2025-07-24 04:23:37,2025-07-24 06:35:36,132.0,,공통
b100_mixed_ps_sub_r1,GA,17,BLK_17C,14,TurnOver,3,2025-07-24 06:35:36,2025-07-24 06:47:36,12.0,,공통
b100_mixed_ps_sub_r1,GA,17,BLK_17C,14,후면SAW,4,2025-07-24 06:47:36,2025-07-24 08:23:19,95.7,,공통
b100_mixed_ps_sub_r1,GA,17,BLK_17C,14,NC,5,2025-07-24 08:23:19,2025-07-24 08:59:20,36.0,,공통
b100_mixed_ps_sub_r1,GA,17,BLK_17C,14,베이36B 론지취부,6,2025-07-24 08:59:20,2025-07-24 09:40:50,41.5,36B,베이36B
b100_mixed_ps_sub_r1,GA,17,BLK_17C,14,베이36B 론지용접,7,2025-07-24 09:40:50,2025-07-24 09:55:14,14.4,36B,베이36B
b100_mixed_ps_sub_r1,GA,17,BLK_17C,14,베이36B 수정,8,2025-07-24 09:55:14,2025-07-24 10:20:02,24.8,36B,베이36B
b100_mixed_ps_sub_r1,GA,18,BLK_18P,15,판계,1,2025-07-23 15:54:00,2025-07-23 16:24:00,30.0,,공통
b100_mixed_ps_sub_r1,GA,18,BLK_18P,15,전면SAW,2,2025-07-24 06:35:36,2025-07-24 07:00:39,25.1,,공통
b100_mixed_ps_sub_r1,GA,18,BLK_18P,15,TurnOver,3,2025-07-24 07:00:39,2025-07-24 07:12:39,12.0,,공통
b100_mixed_ps_sub_r1,GA,18,BLK_18P,15,후면SAW,4,2025-07-24 08:23:19,2025-07-24 08:36:19,13.0,,공통
b100_mixed_ps_sub_r1,GA,18,BLK_18P,15,NC,5,2025-07-24 08:59:20,2025-07-24 09:34:49,35.5,,공통
b100_mixed_ps_sub_r1,GA,18,BLK_18P,15,베이35A 론지취부,6,2025-07-24 09:34:49,2025-07-24 10:16:19,41.5,35A,베이35A
b100_mixed_ps_sub_r1,GA,18,BLK_18P,15,베이35A 론지용접,7,2025-07-24 10:16:19,2025-07-24 10:34:43,18.4,35A,베이35A
b100_mixed_ps_sub_r1,GA,18,BLK_18P,15,베이35A 수정,8,2025-07-24 10:34:43,2025-07-24 10:59:31,24.8,35A,베이35A
b100_mixed_ps_sub_r1,GA,26,BLK_26S,16,판계,1,2025-07-23 16:24:00,2025-07-23 16:49:00,25.0,,공통
b100_mixed_ps_sub_r1,GA,26,BLK_26S,16,전면SAW,2,2025-07-24 07:00:39,2025-07-24 07:33:21,32.7,,공통
b100_mixed_ps_sub_r1,GA,26,BLK_26S,16,TurnOver,3,2025-07-24 07:33:21,2025-07-24 07:45:21,12.0,,공통
b100_mixed_ps_sub_r1,GA,26,BLK_26S,16,후면SAW,4,2025-07-24 08:36:19,2025-07-24 08:58:13,21.9,,공통
b100_mixed_ps_sub_r1,GA,26,BLK_26S,16,NC,5,2025-07-24 09:34:49,2025-07-24 10:10:22,35.6,,공통
b100_mixed_ps_sub_r1,GA,26,BLK_26S,16,베이36B 론지취부,6,2025-07-24 10:10:22,2025-07-24 11:12:52,62.5,36B,베이36B
b100_mixed_ps_sub_r1,GA,26,BLK_26S,16,베이36B 론지용접,7,2025-07-24 11:12:52,2025-07-24 11:34:52,22.0,36B,베이36B
b100_mixed_ps_sub_r1,GA,26,BLK_26S,16,베이36B 수정,8,2025-07-24 11:34:52,2025-07-24 12:12:52,38.0,36B,베이36B
b100_mixed_ps_sub_r1,GA,29,BLK_29P,17,판계,1,2025-07-23 16:49:00,2025-07-23 17:19:00,30.0,,공통
b100_mixed_ps_sub_r1,GA,29,BLK_29P,17,전면SAW,2,2025-07-24 07:33:21,2025-07-24 08:03:47,30.4,,공통
b100_mixed_ps_sub_r1,GA,29,BLK_29P,17,TurnOver,3,2025-07-24 08:03:47,2025-07-24 08:15:47,12.0,,공통
b100_mixed_ps_sub_r1,GA,29,BLK_29P,17,후면SAW,4,2025-07-24 08:58:13,2025-07-24 09:17:09,18.9,,공통
b100_mixed_ps_sub_r1,GA,29,BLK_29P,17,NC,5,2025-07-24 10:10:22,2025-07-24 10:51:54,41.5,,공통
b100_mixed_ps_sub_r1,GA,29,BLK_29P,17,베이35A 론지취부,6,2025-07-24 10:51:54,2025-07-24 11:47:24,55.5,35A,베이35A
b100_mixed_ps_sub_r1,GA,29,BLK_29P,17,베이35A 론지용접,7,2025-07-24 11:47:24,2025-07-24 12:08:12,20.8,35A,베이35A
b100_mixed_ps_sub_r1,GA,29,BLK_29P,17,베이35A 수정,8,2025-07-24 12:08:12,2025-07-24 12:41:48,33.6,35A,베이35A
b100_mixed_ps_sub_r1,GA,44,BLK_44C,18,판계,1,2025-07-23 17:19:00,2025-07-23 17:49:00,30.0,,공통
b100_mixed_ps_sub_r1,GA,44,BLK_44C,18,전면SAW,2,2025-07-24 08:03:47,2025-07-24 10:23:28,139.7,,공통
b100_mixed_ps_sub_r1,GA,44,BLK_44C,18,TurnOver,3,2025-07-24 10:23:28,2025-07-24 10:35:28,12.0,,공통
b100_mixed_ps_sub_r1,GA,44,BLK_44C,18,후면SAW,4,2025-07-24 10:35:28,2025-07-24 12:17:21,101.9,,공통
b100_mixed_ps_sub_r1,GA,44,BLK_44C,18,NC,5,2025-07-24 12:17:21,2025-07-24 13:14:45,57.4,,공통
b100_mixed_ps_sub_r1,GA,44,BLK_44C,18,베이36B 론지취부,6,2025-07-24 13:14:45,2025-07-24 14:38:15,83.5,36B,베이36B
b100_mixed_ps_sub_r1,GA,44,BLK_44C,18,베이36B 론지용접,7,2025-07-24 14:38:15,2025-07-24 15:03:51,25.6,36B,베이36B
b100_mixed_ps_sub_r1,GA,44,BLK_44C,18,베이36B 수정,8,2025-07-24 15:03:51,2025-07-24 15:55:03,51.2,36B,베이36B
b100_mixed_ps_sub_r1,GA,33,BLK_33S,1,판계,1,2025-07-24 08:00:00,2025-07-24 08:30:00,30.0,,공통
b100_mixed_ps_sub_r1,GA,33,BLK_33S,1,전면SAW,2,2025-07-24 10:23:28,2025-07-24 11:47:33,84.1,,공통
b100_mixed_ps_sub_r1,GA,33,BLK_33S,1,TurnOver,3,2025-07-24 11:47:33,2025-07-24 11:59:33,12.0,,공통
b100_mixed_ps_sub_r1,GA,33,BLK_33S,1,후면SAW,4,2025-07-24 12:17:21,2025-07-24 13:14:42,57.4,,공통
b100_mixed_ps_sub_r1,GA,33,BLK_33S,1,NC,5,2025-07-24 13:14:45,2025-07-24 14:06:20,51.6,,공통
b100_mixed_ps_sub_r1,GA,33,BLK_33S,1,베이35A 론지취부,6,2025-07-24 14:06:20,2025-07-24 14:40:50,34.5,35A,베이35A
b100_mixed_ps_sub_r1,GA,33,BLK_33S,1,베이35A 론지용접,7,2025-07-24 14:40:50,2025-07-24 14:58:02,17.2,35A,베이35A
b100_mixed_ps_sub_r1,GA,33,BLK_33S,1,베이35A 수정,8,2025-07-24 14:58:02,2025-07-24 15:18:26,20.4,35A,베이35A
b100_mixed_ps_sub_r1,GA,38,BLK_38C,2,판계,1,2025-07-24 08:30:00,2025-07-24 09:00:00,30.0,,공통
b100_mixed_ps_sub_r1,GA,38,BLK_38C,2,전면SAW,2,2025-07-24 11:47:33,2025-07-24 12:19:21,31.8,,공통
b100_mixed_ps_sub_r1,GA,38,BLK_38C,2,TurnOver,3,2025-07-24 12:19:21,2025-07-24 12:31:21,12.0,,공통
b100_mixed_ps_sub_r1,GA,38,BLK_38C,2,후면SAW,4,2025-07-24 13:14:42,2025-07-24 13:35:25,20.7,,공통
b100_mixed_ps_sub_r1,GA,38,BLK_38C,2,NC,5,2025-07-24 14:06:20,2025-07-24 14:54:51,48.5,,공통
b100_mixed_ps_sub_r1,GA,38,BLK_38C,2,베이36B 론지취부,6,2025-07-24 14:54:51,2025-07-24 16:14:51,80.0,36B,베이36B
b100_mixed_ps_sub_r1,GA,38,BLK_38C,2,베이36B 론지용접,7,2025-07-24 16:14:51,2025-07-24 16:39:51,25.0,36B,베이36B
b100_mixed_ps_sub_r1,GA,38,BLK_38C,2,베이36B 수정,8,2025-07-24 16:39:51,2025-07-24 17:28:51,49.0,36B,베이36B
b100_mixed_ps_sub_r1,GA,47,BLK_47P,3,판계,1,2025-07-24 09:00:00,2025-07-24 09:52:00,52.0,,공통
b100_mixed_ps_sub_r1,GA,47,BLK_47P,3,전면SAW,2,2025-07-24 12:19:21,2025-07-24 13:01:07,41.8,,공통
b100_mixed_ps_sub_r1,GA,47,BLK_47P,3,TurnOver,3,2025-07-24 13:01:07,2025-07-24 13:13:07,12.0,,공통
b100_mixed_ps_sub_r1,GA,47,BLK_47P,3,후면SAW,4,2025-07-24 13:35:25,2025-07-24 14:09:14,33.8,,공통
b100_mixed_ps_sub_r1,GA,47,BLK_47P,3,NC,5,2025-07-24 14:54:51,2025-07-24 15:52:23,57.5,,공통
b100_mixed_ps_sub_r1,GA,47,BLK_47P,3,베이35A 론지취부,6,2025-07-24 15:52:23,2025-07-24 17:19:23,87.0,35A,베이35A
b100_mixed_ps_sub_r1,GA,47,BLK_47P,3,베이35A 론지용접,7,2025-07-24 17:19:23,2025-07-24 17:45:35,26.2,35A,베이35A
b100_mixed_ps_sub_r1,GA,47,BLK_47P,3,베이35A 수정,8,2025-07-24 17:45:35,2025-07-24 18:38:59,53.4,35A,베이35A
b100_mixed_ps_sub_r1,GA,94,BLK_25S,4,판계,1,2025-07-24 09:52:00,2025-07-24 10:22:00,30.0,,공통
b100_mixed_ps_sub_r1,GA,94,BLK_25S,4,전면SAW,2,2025-07-24 13:01:07,2025-07-24 13:35:40,34.5,,공통
b100_mixed_ps_sub_r1,GA,94,BLK_25S,4,TurnOver,3,2025-07-24 13:35:40,2025-07-24 13:47:40,12.0,,공통
b100_mixed_ps_sub_r1,GA,94,BLK_25S,4,후면SAW,4,2025-07-24 14:09:14,2025-07-24 14:33:34,24.3,,공통
b100_mixed_ps_sub_r1,GA,94,BLK_25S,4,NC,5,2025-07-24 15:52:23,2025-07-24 16:36:10,43.8,,공통
b100_mixed_ps_sub_r1,GA,94,BLK_25S,4,베이36B 론지취부,6,2025-07-24 16:36:10,2025-07-24 18:13:40,97.5,36B,베이36B
b100_mixed_ps_sub_r1,GA,94,BLK_25S,4,베이36B 론지용접,7,2025-07-24 18:13:40,2025-07-24 18:41:40,28.0,36B,베이36B
b100_mixed_ps_sub_r1,GA,94,BLK_25S,4,베이36B 수정,8,2025-07-24 18:41:40,2025-07-24 19:41:40,60.0,36B,베이36B
b100_mixed_ps_sub_r1,GA,57,BLK_57C,5,판계,1,2025-07-24 10:22:00,2025-07-24 10:50:00,28.0,,공통
b100_mixed_ps_sub_r1,GA,57,BLK_57C,5,전면SAW,2,2025-07-24 13:35:40,2025-07-24 15:33:15,117.6,,공통
b100_mixed_ps_sub_r1,GA,57,BLK_57C,5,TurnOver,3,2025-07-24 15:33:15,2025-07-24 15:45:15,12.0,,공통
b100_mixed_ps_sub_r1,GA,57,BLK_57C,5,후면SAW,4,2025-07-24 15:45:15,2025-07-24 17:20:13,95.0,,공통
b100_mixed_ps_sub_r1,GA,57,BLK_57C,5,NC,5,2025-07-24 17:20:13,2025-07-24 17:53:37,33.4,,공통
b100_mixed_ps_sub_r1,GA,57,BLK_57C,5,베이35A 론지취부,6,2025-07-24 17:53:37,2025-07-24 18:42:07,48.5,35A,베이35A
b100_mixed_ps_sub_r1,GA,57,BLK_57C,5,베이35A 론지용접,7,2025-07-24 18:42:07,2025-07-24 19:01:43,19.6,35A,베이35A
b100_mixed_ps_sub_r1,GA,57,BLK_57C,5,베이35A 수정,8,2025-07-24 19:01:43,2025-07-24 19:30:55,29.2,35A,베이35A
b100_mixed_ps_sub_r1,GA,58,BLK_58S,6,판계,1,2025-07-24 10:50:00,2025-07-24 11:20:00,30.0,,공통
b100_mixed_ps_sub_r1,GA,58,BLK_58S,6,전면SAW,2,2025-07-24 15:33:15,2025-07-24 16:02:37,29.4,,공통
b100_mixed_ps_sub_r1,GA,58,BLK_58S,6,TurnOver,3,2025-07-24 16:02:37,2025-07-24 16:14:37,12.0,,공통
b100_mixed_ps_sub_r1,GA,58,BLK_58S,6,후면SAW,4,2025-07-24 17:20:13,2025-07-24 17:37:45,17.5,,공통
b100_mixed_ps_sub_r1,GA,58,BLK_58S,6,NC,5,2025-07-24 17:53:37,2025-07-24 18:35:09,41.5,,공통
b100_mixed_ps_sub_r1,GA,58,BLK_58S,6,베이36B 론지취부,6,2025-07-24 18:35:09,2025-07-24 19:27:09,52.0,36B,베이36B
b100_mixed_ps_sub_r1,GA,58,BLK_58S,6,베이36B 론지용접,7,2025-07-24 19:27:09,2025-07-24 19:47:21,20.2,36B,베이36B
b100_mixed_ps_sub_r1,GA,58,BLK_58S,6,베이36B 수정,8,2025-07-24 19:47:21,2025-07-24 20:18:45,31.4,36B,베이36B
b100_mixed_ps_sub_r1,GA,67,BLK_67C,7,판계,1,2025-07-24 11:20:00,2025-07-24 11:50:00,30.0,,공통
b100_mixed_ps_sub_r1,GA,67,BLK_67C,7,전면SAW,2,2025-07-24 16:02:37,2025-07-24 16:40:21,37.7,,공통
b100_mixed_ps_sub_r1,GA,67,BLK_67C,7,TurnOver,3,2025-07-24 16:40:21,2025-07-24 16:52:21,12.0,,공통
b100_mixed_ps_sub_r1,GA,67,BLK_67C,7,후면SAW,4,2025-07-24 17:37:45,2025-07-24 18:06:16,28.5,,공통
b100_mixed_ps_sub_r1,GA,67,BLK_67C,7,NC,5,2025-07-24 18:35:09,2025-07-24 19:23:24,48.3,,공통
b100_mixed_ps_sub_r1,GA,67,BLK_67C,7,베이36B 론지취부,6,2025-07-24 19:27:09,2025-07-24 20:57:39,90.5,36B,베이36B
b100_mixed_ps_sub_r1,GA,67,BLK_67C,7,베이36B 론지용접,7,2025-07-24 20:57:39,2025-07-24 21:24:27,26.8,36B,베이36B
b100_mixed_ps_sub_r1,GA,67,BLK_67C,7,베이36B 수정,8,2025-07-24 21:24:27,2025-07-24 22:20:03,55.6,36B,베이36B
b100_mixed_ps_sub_r1,GA,68,BLK_68C,8,판계,1,2025-07-24 11:50:00,2025-07-24 12:20:00,30.0,,공통
b100_mixed_ps_sub_r1,GA,68,BLK_68C,8,전면SAW,2,2025-07-24 16:40:21,2025-07-24 17:09:43,29.4,,공통
b100_mixed_ps_sub_r1,GA,68,BLK_68C,8,TurnOver,3,2025-07-24 17:09:43,2025-07-24 17:21:43,12.0,,공통
b100_mixed_ps_sub_r1,GA,68,BLK_68C,8,후면SAW,4,2025-07-24 18:06:16,2025-07-24 18:23:47,17.5,,공통
b100_mixed_ps_sub_r1,GA,68,BLK_68C,8,NC,5,2025-07-24 19:23:24,2025-07-24 20:09:09,45.8,,공통
b100_mixed_ps_sub_r1,GA,68,BLK_68C,8,베이35A 론지취부,6,2025-07-24 20:09:09,2025-07-24 21:11:39,62.5,35A,베이35A
b100_mixed_ps_sub_r1,GA,68,BLK_68C,8,베이35A 론지용접,7,2025-07-24 21:11:39,2025-07-24 21:33:39,22.0,35A,베이35A
b100_mixed_ps_sub_r1,GA,68,BLK_68C,8,베이35A 수정,8,2025-07-24 21:33:39,2025-07-24 22:11:39,38.0,35A,베이35A
b100_mixed_ps_sub_r1,GA,88,BLK_88S,9,판계,1,2025-07-24 12:20:00,2025-07-24 12:50:00,30.0,,공통
b100_mixed_ps_sub_r1,GA,88,BLK_88S,9,전면SAW,2,2025-07-24 17:09:43,2025-07-24 18:55:12,105.5,,공통
b100_mixed_ps_sub_r1,GA,88,BLK_88S,9,TurnOver,3,2025-07-24 18:55:12,2025-07-24 19:07:12,12.0,,공통
b100_mixed_ps_sub_r1,GA,88,BLK_88S,9,후면SAW,4,2025-07-24 19:07:12,2025-07-24 20:52:11,105.0,,공통
b100_mixed_ps_sub_r1,GA,88,BLK_88S,9,NC,5,2025-07-24 20:52:11,2025-07-24 21:45:42,53.5,,공통
b100_mixed_ps_sub_r1,GA,88,BLK_88S,9,베이36B 론지취부,6,2025-07-24 21:45:42,2025-07-24 22:55:12,69.5,36B,베이36B
b100_mixed_ps_sub_r1,GA,88,BLK_88S,9,베이36B 론지용접,7,2025-07-24 22:55:12,2025-07-24 23:18:24,23.2,36B,베이36B
b100_mixed_ps_sub_r1,GA,88,BLK_88S,9,베이36B 수정,8,2025-07-24 23:18:24,2025-07-25 00:00:48,42.4,36B,베이36B
b100_mixed_ps_sub_r1,GA,92,BLK_18S,10,판계,1,2025-07-24 12:50:00,2025-07-24 13:20:00,30.0,,공통
b100_mixed_ps_sub_r1,GA,92,BLK_18S,10,전면SAW,2,2025-07-24 18:55:12,2025-07-24 19:20:15,25.1,,공통
b100_mixed_ps_sub_r1,GA,92,BLK_18S,10,TurnOver,3,2025-07-24 19:20:15,2025-07-24 19:32:15,12.0,,공통
b100_mixed_ps_sub_r1,GA,92,BLK_18S,10,후면SAW,4,2025-07-24 20:52:11,2025-07-24 21:05:11,13.0,,공통
b100_mixed_ps_sub_r1,GA,92,BLK_18S,10,NC,5,2025-07-24 21:45:42,2025-07-24 22:21:10,35.5,,공통
b100_mixed_ps_sub_r1,GA,92,BLK_18S,10,베이35A 론지취부,6,2025-07-24 22:21:10,2025-07-24 23:02:40,41.5,35A,베이35A
b100_mixed_ps_sub_r1,GA,92,BLK_18S,10,베이35A 론지용접,7,2025-07-24 23:02:40,2025-07-24 23:21:04,18.4,35A,베이35A
b100_mixed_ps_sub_r1,GA,92,BLK_18S,10,베이35A 수정,8,2025-07-24 23:21:04,2025-07-24 23:45:52,24.8,35A,베이35A
b100_mixed_ps_sub_r1,GA,93,BLK_29S,11,판계,1,2025-07-24 13:20:00,2025-07-24 13:50:00,30.0,,공통
b100_mixed_ps_sub_r1,GA,93,BLK_29S,11,전면SAW,2,2025-07-24 19:20:15,2025-07-24 19:50:40,30.4,,공통
b100_mixed_ps_sub_r1,GA,93,BLK_29S,11,TurnOver,3,2025-07-24 19:50:40,2025-07-24 20:02:40,12.0,,공통
b100_mixed_ps_sub_r1,GA,93,BLK_29S,11,후면SAW,4,2025-07-24 21:05:11,2025-07-24 21:24:06,18.9,,공통
b100_mixed_ps_sub_r1,GA,93,BLK_29S,11,NC,5,2025-07-24 22:21:10,2025-07-24 23:02:42,41.5,,공통
b100_mixed_ps_sub_r1,GA,93,BLK_29S,11,베이36B 론지취부,6,2025-07-24 23:02:42,2025-07-24 23:58:12,55.5,36B,베이36B
b100_mixed_ps_sub_r1,GA,93,BLK_29S,11,베이36B 론지용접,7,2025-07-24 23:58:12,2025-07-25 00:19:00,20.8,36B,베이36B
b100_mixed_ps_sub_r1,GA,93,BLK_29S,11,베이36B 수정,8,2025-07-25 00:19:00,2025-07-25 00:52:36,33.6,36B,베이36B
b100_mixed_ps_sub_r1,GA,48,BLK_48P,12,판계,1,2025-07-24 13:50:00,2025-07-24 14:10:00,20.0,,공통
b100_mixed_ps_sub_r1,GA,48,BLK_48P,12,전면SAW,2,2025-07-24 19:50:40,2025-07-24 21:30:49,100.2,,공통
b100_mixed_ps_sub_r1,GA,48,BLK_48P,12,TurnOver,3,2025-07-24 21:30:49,2025-07-24 21:42:49,12.0,,공통
b100_mixed_ps_sub_r1,GA,48,BLK_48P,12,후면SAW,4,2025-07-24 21:42:49,2025-07-24 23:01:54,79.1,,공통
b100_mixed_ps_sub_r1,GA,48,BLK_48P,12,NC,5,2025-07-24 23:02:42,2025-07-24 23:28:56,26.2,,공통
b100_mixed_ps_sub_r1,GA,48,BLK_48P,12,베이35A 론지취부,6,2025-07-24 23:28:56,2025-07-25 00:06:56,38.0,35A,베이35A
b100_mixed_ps_sub_r1,GA,48,BLK_48P,12,베이35A 론지용접,7,2025-07-25 00:06:56,2025-07-25 00:20:44,13.8,35A,베이35A
b100_mixed_ps_sub_r1,GA,48,BLK_48P,12,베이35A 수정,8,2025-07-25 00:20:44,2025-07-25 00:43:20,22.6,35A,베이35A
b100_mixed_ps_sub_r1,GA,78,BLK_78P,13,판계,1,2025-07-24 14:10:00,2025-07-24 14:30:00,20.0,,공통
b100_mixed_ps_sub_r1,GA,78,BLK_78P,13,전면SAW,2,2025-07-24 21:30:49,2025-07-24 22:06:48,36.0,,공통
b100_mixed_ps_sub_r1,GA,78,BLK_78P,13,TurnOver,3,2025-07-24 22:06:48,2025-07-24 22:18:48,12.0,,공통
b100_mixed_ps_sub_r1,GA,78,BLK_78P,13,후면SAW,4,2025-07-24 23:01:54,2025-07-24 23:28:06,26.2,,공통
b100_mixed_ps_sub_r1,GA,78,BLK_78P,13,NC,5,2025-07-24 23:28:56,2025-07-25 00:00:06,31.2,,공통
b100_mixed_ps_sub_r1,GA,78,BLK_78P,13,베이36B 론지취부,6,2025-07-25 00:00:06,2025-07-25 01:20:06,80.0,36B,베이36B
b100_mixed_ps_sub_r1,GA,78,BLK_78P,13,베이36B 론지용접,7,2025-07-25 01:20:06,2025-07-25 01:45:06,25.0,36B,베이36B
b100_mixed_ps_sub_r1,GA,78,BLK_78P,13,베이36B 수정,8,2025-07-25 01:45:06,2025-07-25 02:34:06,49.0,36B,베이36B
b100_mixed_ps_sub_r1,GA,34,BLK_34C,14,판계,1,2025-07-24 14:30:00,2025-07-24 15:00:00,30.0,,공통
b100_mixed_ps_sub_r1,GA,34,BLK_34C,14,전면SAW,2,2025-07-24 22:06:48,2025-07-24 22:35:42,28.9,,공통
b100_mixed_ps_sub_r1,GA,34,BLK_34C,14,TurnOver,3,2025-07-24 22:35:42,2025-07-24 22:47:42,12.0,,공통
b100_mixed_ps_sub_r1,GA,34,BLK_34C,14,후면SAW,4,2025-07-24 23:28:06,2025-07-24 23:45:00,16.9,,공통
b100_mixed_ps_sub_r1,GA,34,BLK_34C,14,NC,5,2025-07-25 00:00:06,2025-07-25 00:40:09,40.0,,공통
b100_mixed_ps_sub_r1,GA,34,BLK_34C,14,베이35A 론지취부,6,2025-07-25 00:40:09,2025-07-25 02:00:09,80.0,35A,베이35A
b100_mixed_ps_sub_r1,GA,34,BLK_34C,14,베이35A 론지용접,7,2025-07-25 02:00:09,2025-07-25 02:25:09,25.0,35A,베이35A
b100_mixed_ps_sub_r1,GA,34,BLK_34C,14,베이35A 수정,8,2025-07-25 02:25:09,2025-07-25 03:14:09,49.0,35A,베이35A
b100_mixed_ps_sub_r1,GA,69,BLK_69C,15,판계,1,2025-07-24 15:00:00,2025-07-24 15:52:00,52.0,,공통
b100_mixed_ps_sub_r1,GA,69,BLK_69C,15,전면SAW,2,2025-07-24 22:35:42,2025-07-24 23:13:46,38.1,,공통
b100_mixed_ps_sub_r1,GA,69,BLK_69C,15,TurnOver,3,2025-07-24 23:13:46,2025-07-24 23:25:46,12.0,,공통
b100_mixed_ps_sub_r1,GA,69,BLK_69C,15,후면SAW,4,2025-07-24 23:45:00,2025-07-25 00:13:59,29.0,,공통
b100_mixed_ps_sub_r1,GA,69,BLK_69C,15,NC,5,2025-07-25 00:40:09,2025-07-25 01:41:06,61.0,,공통
b100_mixed_ps_sub_r1,GA,69,BLK_69C,15,베이36B 론지취부,6,2025-07-25 01:41:06,2025-07-25 03:04:36,83.5,36B,베이36B
b100_mixed_ps_sub_r1,GA,69,BLK_69C,15,베이36B 론지용접,7,2025-07-25 03:04:36,2025-07-25 03:30:12,25.6,36B,베이36B
b100_mixed_ps_sub_r1,GA,69,BLK_69C,15,베이36B 수정,8,2025-07-25 03:30:12,2025-07-25 04:21:24,51.2,36B,베이36B
b100_mixed_ps_sub_r1,GA,7,BLK_7P,16,판계,1,2025-07-24 15:52:00,2025-07-24 16:04:00,12.0,,공통
b100_mixed_ps_sub_r1,GA,7,BLK_7P,16,전면SAW,2,2025-07-24 23:13:46,2025-07-24 23:57:31,43.8,,공통
b100_mixed_ps_sub_r1,GA,7,BLK_7P,16,TurnOver,3,2025-07-24 23:57:31,2025-07-25 00:09:31,12.0,,공통
b100_mixed_ps_sub_r1,GA,7,BLK_7P,16,후면SAW,4,2025-07-25 00:13:59,2025-07-25 00:50:26,36.5,,공통
b100_mixed_ps_sub_r1,GA,7,BLK_7P,16,NC,5,2025-07-25 01:41:06,2025-07-25 02:03:11,22.1,,공통
b100_mixed_ps_sub_r1,GA,7,BLK_7P,16,베이35A 론지취부,6,2025-07-25 02:03:11,2025-07-25 02:48:11,45.0,35A,베이35A
b100_mixed_ps_sub_r1,GA,7,BLK_7P,16,베이35A 론지용접,7,2025-07-25 02:48:11,2025-07-25 03:03:11,15.0,35A,베이35A
b100_mixed_ps_sub_r1,GA,7,BLK_7P,16,베이35A 수정,8,2025-07-25 03:14:09,2025-07-25 03:41:09,27.0,35A,베이35A
b100_mixed_ps_sub_r1,GA,15,BLK_15C,1,판계,1,2025-07-25 08:00:00,2025-07-25 08:38:00,38.0,,공통
b100_mixed_ps_sub_r1,GA,15,BLK_15C,1,전면SAW,2,2025-07-25 08:38:00,2025-07-25 10:18:42,100.7,,공통
b100_mixed_ps_sub_r1,GA,15,BLK_15C,1,TurnOver,3,2025-07-25 10:18:42,2025-07-25 10:30:42,12.0,,공통
b100_mixed_ps_sub_r1,GA,15,BLK_15C,1,후면SAW,4,2025-07-25 10:30:42,2025-07-25 12:10:08,99.4,,공통
b100_mixed_ps_sub_r1,GA,15,BLK_15C,1,NC,5,2025-07-25 12:10:08,2025-07-25 12:59:21,49.2,,공통
b100_mixed_ps_sub_r1,GA,15,BLK_15C,1,베이36B 론지취부,6,2025-07-25 12:59:21,2025-07-25 14:22:51,83.5,36B,베이36B
b100_mixed_ps_sub_r1,GA,15,BLK_15C,1,베이36B 론지용접,7,2025-07-25 14:22:51,2025-07-25 14:48:27,25.6,36B,베이36B
b100_mixed_ps_sub_r1,GA,15,BLK_15C,1,베이36B 수정,8,2025-07-25 14:48:27,2025-07-25 15:39:39,51.2,36B,베이36B
b100_mixed_ps_sub_r1,GA,39,BLK_39C,2,판계,1,2025-07-25 08:38:00,2025-07-25 09:08:00,30.0,,공통
b100_mixed_ps_sub_r1,GA,39,BLK_39C,2,전면SAW,2,2025-07-25 10:18:42,2025-07-25 10:47:27,28.8,,공통
b100_mixed_ps_sub_r1,GA,39,BLK_39C,2,TurnOver,3,2025-07-25 10:47:27,2025-07-25 10:59:27,12.0,,공통
b100_mixed_ps_sub_r1,GA,39,BLK_39C,2,후면SAW,4,2025-07-25 12:10:08,2025-07-25 12:26:51,16.7,,공통
b100_mixed_ps_sub_r1,GA,39,BLK_39C,2,NC,5,2025-07-25 12:59:21,2025-07-25 13:40:57,41.6,,공통
b100_mixed_ps_sub_r1,GA,39,BLK_39C,2,베이35A 론지취부,6,2025-07-25 13:40:57,2025-07-25 15:18:27,97.5,35A,베이35A
b100_mixed_ps_sub_r1,GA,39,BLK_39C,2,베이35A 론지용접,7,2025-07-25 15:18:27,2025-07-25 15:46:27,28.0,35A,베이35A
b100_mixed_ps_sub_r1,GA,39,BLK_39C,2,베이35A 수정,8,2025-07-25 15:46:27,2025-07-25 16:46:27,60.0,35A,베이35A
b100_mixed_ps_sub_r1,GA,30,BLK_30S,3,판계,1,2025-07-25 09:08:00,2025-07-25 09:46:00,38.0,,공통
b100_mixed_ps_sub_r1,GA,30,BLK_30S,3,전면SAW,2,2025-07-25 10:47:27,2025-07-25 12:04:53,77.4,,공통
b100_mixed_ps_sub_r1,GA,30,BLK_30S,3,TurnOver,3,2025-07-25 12:04:53,2025-07-25 12:16:53,12.0,,공통
b100_mixed_ps_sub_r1,GA,30,BLK_30S,3,후면SAW,4,2025-07-25 12:26:51,2025-07-25 13:25:12,58.4,,공통
b100_mixed_ps_sub_r1,GA,30,BLK_30S,3,NC,5,2025-07-25 13:40:57,2025-07-25 14:26:46,45.8,,공통
b100_mixed_ps_sub_r1,GA,30,BLK_30S,3,베이36B 론지취부,6,2025-07-25 14:26:46,2025-07-25 15:29:16,62.5,36B,베이36B
b100_mixed_ps_sub_r1,GA,30,BLK_30S,3,베이36B 론지용접,7,2025-07-25 15:29:16,2025-07-25 15:51:16,22.0,36B,베이36B
b100_mixed_ps_sub_r1,GA,30,BLK_30S,3,베이36B 수정,8,2025-07-25 15:51:16,2025-07-25 16:29:16,38.0,36B,베이36B
b100_mixed_ps_sub_r1,GA,49,BLK_49C,4,판계,1,2025-07-25 09:46:00,2025-07-25 10:06:00,20.0,,공통
b100_mixed_ps_sub_r1,GA,49,BLK_49C,4,전면SAW,2,2025-07-25 12:04:53,2025-07-25 12:43:45,38.9,,공통
b100_mixed_ps_sub_r1,GA,49,BLK_49C,4,TurnOver,3,2025-07-25 12:43:45,2025-07-25 12:55:45,12.0,,공통
b100_mixed_ps_sub_r1,GA,49,BLK_49C,4,후면SAW,4,2025-07-25 13:25:12,2025-07-25 13:55:13,30.0,,공통
b100_mixed_ps_sub_r1,GA,49,BLK_49C,4,NC,5,2025-07-25 14:26:46,2025-07-25 14:58:57,32.2,,공통
b100_mixed_ps_sub_r1,GA,49,BLK_49C,4,베이35A 론지취부,6,2025-07-25 15:18:27,2025-07-25 16:24:27,66.0,35A,베이35A
b100_mixed_ps_sub_r1,GA,49,BLK_49C,4,베이35A 론지용접,7,2025-07-25 16:24:27,2025-07-25 16:47:03,22.6,35A,베이35A
b100_mixed_ps_sub_r1,GA,49,BLK_49C,4,베이35A 수정,8,2025-07-25 16:47:03,2025-07-25 17:27:15,40.2,35A,베이35A
b100_mixed_ps_sub_r1,GA,65,BLK_65S,5,판계,1,2025-07-25 10:06:00,2025-07-25 10:18:00,12.0,,공통
b100_mixed_ps_sub_r1,GA,65,BLK_65S,5,전면SAW,2,2025-07-25 12:43:45,2025-07-25 13:27:12,43.5,,공통
b100_mixed_ps_sub_r1,GA,65,BLK_65S,5,TurnOver,3,2025-07-25 13:27:12,2025-07-25 13:39:12,12.0,,공통
b100_mixed_ps_sub_r1,GA,65,BLK_65S,5,후면SAW,4,2025-07-25 13:55:13,2025-07-25 14:31:16,36.0,,공통
b100_mixed_ps_sub_r1,GA,65,BLK_65S,5,NC,5,2025-07-25 14:58:57,2025-07-25 15:20:03,21.1,,공통
b100_mixed_ps_sub_r1,GA,65,BLK_65S,5,베이36B 론지취부,6,2025-07-25 15:29:16,2025-07-25 16:00:16,31.0,36B,베이36B
b100_mixed_ps_sub_r1,GA,65,BLK_65S,5,베이36B 론지용접,7,2025-07-25 16:00:16,2025-07-25 16:12:52,12.6,36B,베이36B
b100_mixed_ps_sub_r1,GA,65,BLK_65S,5,베이36B 수정,8,2025-07-25 16:29:16,2025-07-25 16:47:28,18.2,36B,베이36B
b100_mixed_ps_sub_r1,GA,77,BLK_77S,6,판계,1,2025-07-25 10:18:00,2025-07-25 10:48:00,30.0,,공통
b100_mixed_ps_sub_r1,GA,77,BLK_77S,6,전면SAW,2,2025-07-25 13:27:12,2025-07-25 14:00:12,33.0,,공통
b100_mixed_ps_sub_r1,GA,77,BLK_77S,6,TurnOver,3,2025-07-25 14:00:12,2025-07-25 14:12:12,12.0,,공통
b100_mixed_ps_sub_r1,GA,77,BLK_77S,6,후면SAW,4,2025-07-25 14:31:16,2025-07-25 14:53:34,22.3,,공통
b100_mixed_ps_sub_r1,GA,77,BLK_77S,6,NC,5,2025-07-25 15:20:03,2025-07-25 16:11:06,51.1,,공통
b100_mixed_ps_sub_r1,GA,77,BLK_77S,6,베이36B 론지취부,6,2025-07-25 16:11:06,2025-07-25 17:27:36,76.5,36B,베이36B
b100_mixed_ps_sub_r1,GA,77,BLK_77S,6,베이36B 론지용접,7,2025-07-25 17:27:36,2025-07-25 17:52:00,24.4,36B,베이36B
b100_mixed_ps_sub_r1,GA,77,BLK_77S,6,베이36B 수정,8,2025-07-25 17:52:00,2025-07-25 18:38:48,46.8,36B,베이36B
b100_mixed_ps_sub_r1,GA,73,BLK_73C,7,판계,1,2025-07-25 10:48:00,2025-07-25 11:18:00,30.0,,공통
b100_mixed_ps_sub_r1,GA,73,BLK_73C,7,전면SAW,2,2025-07-25 14:00:12,2025-07-25 14:30:07,29.9,,공통
b100_mixed_ps_sub_r1,GA,73,BLK_73C,7,TurnOver,3,2025-07-25 14:30:07,2025-07-25 14:42:07,12.0,,공통
b100_mixed_ps_sub_r1,GA,73,BLK_73C,7,후면SAW,4,2025-07-25 14:53:34,2025-07-25 15:11:49,18.3,,공통
b100_mixed_ps_sub_r1,GA,73,BLK_73C,7,NC,5,2025-07-25 16:11:06,2025-07-25 16:48:43,37.6,,공통
b100_mixed_ps_sub_r1,GA,73,BLK_73C,7,베이35A 론지취부,6,2025-07-25 16:48:43,2025-07-25 17:37:13,48.5,35A,베이35A
b100_mixed_ps_sub_r1,GA,73,BLK_73C,7,베이35A 론지용접,7,2025-07-25 17:37:13,2025-07-25 17:56:49,19.6,35A,베이35A
b100_mixed_ps_sub_r1,GA,73,BLK_73C,7,베이35A 수정,8,2025-07-25 17:56:49,2025-07-25 18:26:01,29.2,35A,베이35A
b100_mixed_ps_sub_r1,GA,87,BLK_87P,8,판계,1,2025-07-25 11:18:00,2025-07-25 11:48:00,30.0,,공통
b100_mixed_ps_sub_r1,GA,87,BLK_87P,8,전면SAW,2,2025-07-25 14:30:07,2025-07-25 17:28:06,178.0,,공통
b100_mixed_ps_sub_r1,GA,87,BLK_87P,8,TurnOver,3,2025-07-25 17:28:06,2025-07-25 17:40:06,12.0,,공통
b100_mixed_ps_sub_r1,GA,87,BLK_87P,8,후면SAW,4,2025-07-25 17:40:06,2025-07-25 19:52:37,132.5,,공통
b100_mixed_ps_sub_r1,GA,87,BLK_87P,8,NC,5,2025-07-25 19:52:37,2025-07-25 20:54:27,61.8,,공통
b100_mixed_ps_sub_r1,GA,87,BLK_87P,8,베이36B 론지취부,6,2025-07-25 20:54:27,2025-07-25 22:28:27,94.0,36B,베이36B
b100_mixed_ps_sub_r1,GA,87,BLK_87P,8,베이36B 론지용접,7,2025-07-25 22:28:27,2025-07-25 22:55:51,27.4,36B,베이36B
b100_mixed_ps_sub_r1,GA,87,BLK_87P,8,베이36B 수정,8,2025-07-25 22:55:51,2025-07-25 23:53:39,57.8,36B,베이36B
b100_mixed_ps_sub_r1,GA,89,BLK_89S,9,판계,1,2025-07-25 11:48:00,2025-07-25 12:33:00,45.0,,공통
b100_mixed_ps_sub_r1,GA,89,BLK_89S,9,전면SAW,2,2025-07-25 17:28:06,2025-07-25 18:07:46,39.7,,공통
b100_mixed_ps_sub_r1,GA,89,BLK_89S,9,TurnOver,3,2025-07-25 18:07:46,2025-07-25 18:19:46,12.0,,공통
b100_mixed_ps_sub_r1,GA,89,BLK_89S,9,후면SAW,4,2025-07-25 19:52:37,2025-07-25 20:23:41,31.1,,공통
b100_mixed_ps_sub_r1,GA,89,BLK_89S,9,NC,5,2025-07-25 20:54:27,2025-07-25 21:49:21,54.9,,공통
b100_mixed_ps_sub_r1,GA,89,BLK_89S,9,베이36B 론지취부,6,2025-07-25 22:28:27,2025-07-26 00:16:27,108.0,36B,베이36B
b100_mixed_ps_sub_r1,GA,89,BLK_89S,9,베이36B 론지용접,7,2025-07-26 00:16:27,2025-07-26 00:46:15,29.8,36B,베이36B
b100_mixed_ps_sub_r1,GA,89,BLK_89S,9,베이36B 수정,8,2025-07-26 00:46:15,2025-07-26 01:52:51,66.6,36B,베이36B
b100_mixed_ps_sub_r1,GA,11,BLK_11P,10,판계,1,2025-07-25 12:33:00,2025-07-25 12:58:00,25.0,,공통
b100_mixed_ps_sub_r1,GA,11,BLK_11P,10,전면SAW,2,2025-07-25 18:07:46,2025-07-25 18:44:32,36.8,,공통
b100_mixed_ps_sub_r1,GA,11,BLK_11P,10,TurnOver,3,2025-07-25 18:44:32,2025-07-25 18:56:32,12.0,,공통
b100_mixed_ps_sub_r1,GA,11,BLK_11P,10,후면SAW,4,2025-07-25 20:23:41,2025-07-25 20:50:57,27.3,,공통
b100_mixed_ps_sub_r1,GA,11,BLK_11P,10,NC,5,2025-07-25 21:49:21,2025-07-25 22:28:08,38.8,,공통
b100_mixed_ps_sub_r1,GA,11,BLK_11P,10,베이35A 론지취부,6,2025-07-25 22:28:08,2025-07-25 23:48:08,80.0,35A,베이35A
b100_mixed_ps_sub_r1,GA,11,BLK_11P,10,베이35A 론지용접,7,2025-07-25 23:48:08,2025-07-26 00:13:08,25.0,35A,베이35A
b100_mixed_ps_sub_r1,GA,11,BLK_11P,10,베이35A 수정,8,2025-07-26 00:13:08,2025-07-26 01:02:08,49.0,35A,베이35A
b100_mixed_ps_sub_r1,GA,12,BLK_12S,11,판계,1,2025-07-25 12:58:00,2025-07-25 13:31:00,33.0,,공통
b100_mixed_ps_sub_r1,GA,12,BLK_12S,11,전면SAW,2,2025-07-25 18:44:32,2025-07-25 20:19:10,94.6,,공통
b100_mixed_ps_sub_r1,GA,12,BLK_12S,11,TurnOver,3,2025-07-25 20:19:10,2025-07-25 20:31:10,12.0,,공통
b100_mixed_ps_sub_r1,GA,12,BLK_12S,11,후면SAW,4,2025-07-25 20:50:57,2025-07-25 22:04:59,74.0,,공통
b100_mixed_ps_sub_r1,GA,12,BLK_12S,11,NC,5,2025-07-25 22:28:08,2025-07-25 23:06:31,38.4,,공통
b100_mixed_ps_sub_r1,GA,12,BLK_12S,11,베이36B 론지취부,6,2025-07-26 00:16:27,2025-07-26 00:57:57,41.5,36B,베이36B
b100_mixed_ps_sub_r1,GA,12,BLK_12S,11,베이36B 론지용접,7,2025-07-26 00:57:57,2025-07-26 01:16:21,18.4,36B,베이36B
b100_mixed_ps_sub_r1,GA,12,BLK_12S,11,베이36B 수정,8,2025-07-26 01:52:51,2025-07-26 02:17:39,24.8,36B,베이36B
b100_mixed_ps_sub_r1,GA,16,BLK_16C,12,판계,1,2025-07-25 13:31:00,2025-07-25 13:51:00,20.0,,공통
b100_mixed_ps_sub_r1,GA,16,BLK_16C,12,전면SAW,2,2025-07-25 20:19:10,2025-07-25 20:49:22,30.2,,공통
b100_mixed_ps_sub_r1,GA,16,BLK_16C,12,TurnOver,3,2025-07-25 20:49:22,2025-07-25 21:01:22,12.0,,공통
b100_mixed_ps_sub_r1,GA,16,BLK_16C,12,후면SAW,4,2025-07-25 22:04:59,2025-07-25 22:23:37,18.6,,공통
b100_mixed_ps_sub_r1,GA,16,BLK_16C,12,NC,5,2025-07-25 23:06:31,2025-07-25 23:31:51,25.3,,공통
b100_mixed_ps_sub_r1,GA,16,BLK_16C,12,베이35A 론지취부,6,2025-07-25 23:48:08,2025-07-26 00:12:08,24.0,35A,베이35A
b100_mixed_ps_sub_r1,GA,16,BLK_16C,12,베이35A 론지용접,7,2025-07-26 00:13:08,2025-07-26 00:24:32,11.4,35A,베이35A
b100_mixed_ps_sub_r1,GA,16,BLK_16C,12,베이35A 수정,8,2025-07-26 01:02:08,2025-07-26 01:15:56,13.8,35A,베이35A
b100_mixed_ps_sub_r1,GA,19,BLK_19P,13,판계,1,2025-07-25 13:51:00,2025-07-25 14:21:00,30.0,,공통
b100_mixed_ps_sub_r1,GA,19,BLK_19P,13,전면SAW,2,2025-07-25 20:49:22,2025-07-25 22:04:54,75.5,,공통
b100_mixed_ps_sub_r1,GA,19,BLK_19P,13,TurnOver,3,2025-07-25 22:04:54,2025-07-25 22:16:54,12.0,,공통
b100_mixed_ps_sub_r1,GA,19,BLK_19P,13,후면SAW,4,2025-07-25 22:23:37,2025-07-25 23:20:14,56.6,,공통
b100_mixed_ps_sub_r1,GA,19,BLK_19P,13,NC,5,2025-07-25 23:31:51,2025-07-26 00:24:39,52.8,,공통
b100_mixed_ps_sub_r1,GA,19,BLK_19P,13,베이36B 론지취부,6,2025-07-26 00:57:57,2025-07-26 02:14:27,76.5,36B,베이36B
b100_mixed_ps_sub_r1,GA,19,BLK_19P,13,베이36B 론지용접,7,2025-07-26 02:14:27,2025-07-26 02:38:51,24.4,36B,베이36B
b100_mixed_ps_sub_r1,GA,19,BLK_19P,13,베이36B 수정,8,2025-07-26 02:38:51,2025-07-26 03:25:39,46.8,36B,베이36B
b100_mixed_ps_sub_r1,GA,91,BLK_19S,14,판계,1,2025-07-25 14:21:00,2025-07-25 14:51:00,30.0,,공통
b100_mixed_ps_sub_r1,GA,91,BLK_19S,14,전면SAW,2,2025-07-25 22:04:54,2025-07-25 23:20:26,75.5,,공통
b100_mixed_ps_sub_r1,GA,91,BLK_19S,14,TurnOver,3,2025-07-25 23:20:26,2025-07-25 23:32:26,12.0,,공통
b100_mixed_ps_sub_r1,GA,91,BLK_19S,14,후면SAW,4,2025-07-25 23:32:26,2025-07-26 00:29:03,56.6,,공통
b100_mixed_ps_sub_r1,GA,91,BLK_19S,14,NC,5,2025-07-26 00:29:03,2025-07-26 01:21:51,52.8,,공통
b100_mixed_ps_sub_r1,GA,91,BLK_19S,14,베이35A 론지취부,6,2025-07-26 01:21:51,2025-07-26 02:38:21,76.5,35A,베이35A
b100_mixed_ps_sub_r1,GA,91,BLK_19S,14,베이35A 론지용접,7,2025-07-26 02:38:21,2025-07-26 03:02:45,24.4,35A,베이35A
b100_mixed_ps_sub_r1,GA,91,BLK_19S,14,베이35A 수정,8,2025-07-26 03:02:45,2025-07-26 03:49:33,46.8,35A,베이35A
b100_mixed_ps_sub_r1,GA,40,BLK_40C,15,판계,1,2025-07-25 14:51:00,2025-07-25 15:31:00,40.0,,공통
b100_mixed_ps_sub_r1,GA,40,BLK_40C,15,전면SAW,2,2025-07-25 23:20:26,2025-07-26 01:51:28,151.0,,공통
b100_mixed_ps_sub_r1,GA,40,BLK_40C,15,TurnOver,3,2025-07-26 01:51:28,2025-07-26 02:03:28,12.0,,공통
b100_mixed_ps_sub_r1,GA,40,BLK_40C,15,후면SAW,4,2025-07-26 02:03:28,2025-07-26 04:14:15,130.8,,공통
b100_mixed_ps_sub_r1,GA,40,BLK_40C,15,NC,5,2025-07-26 04:14:15,2025-07-26 04:58:41,44.4,,공통
b100_mixed_ps_sub_r1,GA,40,BLK_40C,15,베이36B 론지취부,6,2025-07-26 04:58:41,2025-07-26 06:01:11,62.5,36B,베이36B
b100_mixed_ps_sub_r1,GA,40,BLK_40C,15,베이36B 론지용접,7,2025-07-26 06:01:11,2025-07-26 06:23:11,22.0,36B,베이36B
b100_mixed_ps_sub_r1,GA,40,BLK_40C,15,베이36B 수정,8,2025-07-26 06:23:11,2025-07-26 07:01:11,38.0,36B,베이36B
b100_mixed_ps_sub_r1,GA,76,BLK_76C,16,판계,1,2025-07-25 15:31:00,2025-07-25 16:11:00,40.0,,공통
b100_mixed_ps_sub_r1,GA,76,BLK_76C,16,전면SAW,2,2025-07-26 01:51:28,2025-07-26 04:46:10,174.7,,공통
b100_mixed_ps_sub_r1,GA,76,BLK_76C,16,TurnOver,3,2025-07-26 04:46:10,2025-07-26 04:58:10,12.0,,공통
b100_mixed_ps_sub_r1,GA,76,BLK_76C,16,후면SAW,4,2025-07-26 04:58:10,2025-07-26 07:05:07,127.0,,공통
b100_mixed_ps_sub_r1,GA,76,BLK_76C,16,NC,5,2025-07-26 07:05:07,2025-07-26 07:56:00,50.9,,공통
b100_mixed_ps_sub_r1,GA,76,BLK_76C,16,베이35A 론지취부,6,2025-07-26 07:56:00,2025-07-26 08:55:00,59.0,35A,베이35A
b100_mixed_ps_sub_r1,GA,76,BLK_76C,16,베이35A 론지용접,7,2025-07-26 08:55:00,2025-07-26 09:16:24,21.4,35A,베이35A
b100_mixed_ps_sub_r1,GA,76,BLK_76C,16,베이35A 수정,8,2025-07-26 09:16:24,2025-07-26 09:52:12,35.8,35A,베이35A
b100_mixed_ps_sub_r1,GA,52,BLK_52C,1,판계,1,2025-07-26 08:00:00,2025-07-26 08:25:00,25.0,,공통
b100_mixed_ps_sub_r1,GA,52,BLK_52C,1,전면SAW,2,2025-07-26 08:25:00,2025-07-26 08:55:04,30.1,,공통
b100_mixed_ps_sub_r1,GA,52,BLK_52C,1,TurnOver,3,2025-07-26 08:55:04,2025-07-26 09:07:04,12.0,,공통
b100_mixed_ps_sub_r1,GA,52,BLK_52C,1,후면SAW,4,2025-07-26 09:07:04,2025-07-26 09:25:30,18.4,,공통
b100_mixed_ps_sub_r1,GA,52,BLK_52C,1,NC,5,2025-07-26 09:25:30,2025-07-26 09:57:33,32.0,,공통
b100_mixed_ps_sub_r1,GA,52,BLK_52C,1,베이36B 론지취부,6,2025-07-26 09:57:33,2025-07-26 10:39:03,41.5,36B,베이36B
b100_mixed_ps_sub_r1,GA,52,BLK_52C,1,베이36B 론지용접,7,2025-07-26 10:39:03,2025-07-26 10:57:27,18.4,36B,베이36B
b100_mixed_ps_sub_r1,GA,52,BLK_52C,1,베이36B 수정,8,2025-07-26 10:57:27,2025-07-26 11:22:15,24.8,36B,베이36B
b100_mixed_ps_sub_r1,GA,43,BLK_43C,2,판계,1,2025-07-26 08:25:00,2025-07-26 08:37:00,12.0,,공통
b100_mixed_ps_sub_r1,GA,43,BLK_43C,2,전면SAW,2,2025-07-26 08:55:04,2025-07-26 09:45:11,50.1,,공통
b100_mixed_ps_sub_r1,GA,43,BLK_43C,2,TurnOver,3,2025-07-26 09:45:11,2025-07-26 09:57:11,12.0,,공통
b100_mixed_ps_sub_r1,GA,43,BLK_43C,2,후면SAW,4,2025-07-26 09:57:11,2025-07-26 10:42:01,44.8,,공통
b100_mixed_ps_sub_r1,GA,43,BLK_43C,2,NC,5,2025-07-26 10:42:01,2025-07-26 11:02:08,20.1,,공통
b100_mixed_ps_sub_r1,GA,43,BLK_43C,2,베이35A 론지취부,6,2025-07-26 11:02:08,2025-07-26 11:47:08,45.0,35A,베이35A
b100_mixed_ps_sub_r1,GA,43,BLK_43C,2,베이35A 론지용접,7,2025-07-26 11:47:08,2025-07-26 12:02:08,15.0,35A,베이35A
b100_mixed_ps_sub_r1,GA,43,BLK_43C,2,베이35A 수정,8,2025-07-26 12:02:08,2025-07-26 12:29:08,27.0,35A,베이35A
b100_mixed_ps_sub_r1,GA,50,BLK_50S,3,판계,1,2025-07-26 08:37:00,2025-07-26 09:10:00,33.0,,공통
b100_mixed_ps_sub_r1,GA,50,BLK_50S,3,전면SAW,2,2025-07-26 09:45:11,2025-07-26 11:29:03,103.9,,공통
b100_mixed_ps_sub_r1,GA,50,BLK_50S,3,TurnOver,3,2025-07-26 11:29:03,2025-07-26 11:41:03,12.0,,공통
b100_mixed_ps_sub_r1,GA,50,BLK_50S,3,후면SAW,4,2025-07-26 11:41:03,2025-07-26 13:24:09,103.1,,공통
b100_mixed_ps_sub_r1,GA,50,BLK_50S,3,NC,5,2025-07-26 13:24:09,2025-07-26 14:02:45,38.6,,공통
b100_mixed_ps_sub_r1,GA,50,BLK_50S,3,베이36B 론지취부,6,2025-07-26 14:02:45,2025-07-26 15:01:45,59.0,36B,베이36B
b100_mixed_ps_sub_r1,GA,50,BLK_50S,3,베이36B 론지용접,7,2025-07-26 15:01:45,2025-07-26 15:23:09,21.4,36B,베이36B
b100_mixed_ps_sub_r1,GA,50,BLK_50S,3,베이36B 수정,8,2025-07-26 15:23:09,2025-07-26 15:58:57,35.8,36B,베이36B
b100_mixed_ps_sub_r1,GA,41,BLK_41C,4,판계,1,2025-07-26 09:10:00,2025-07-26 09:45:00,35.0,,공통
b100_mixed_ps_sub_r1,GA,41,BLK_41C,4,전면SAW,2,2025-07-26 11:29:03,2025-07-26 13:40:46,131.7,,공통
b100_mixed_ps_sub_r1,GA,41,BLK_41C,4,TurnOver,3,2025-07-26 13:40:46,2025-07-26 13:52:46,12.0,,공통
b100_mixed_ps_sub_r1,GA,41,BLK_41C,4,후면SAW,4,2025-07-26 13:52:46,2025-07-26 15:28:16,95.5,,공통
b100_mixed_ps_sub_r1,GA,41,BLK_41C,4,NC,5,2025-07-26 15:28:16,2025-07-26 16:05:09,36.9,,공통
b100_mixed_ps_sub_r1,GA,41,BLK_41C,4,베이35A 론지취부,6,2025-07-26 16:05:09,2025-07-26 16:43:09,38.0,35A,베이35A
b100_mixed_ps_sub_r1,GA,41,BLK_41C,4,베이35A 론지용접,7,2025-07-26 16:43:09,2025-07-26 17:00:57,17.8,35A,베이35A
b100_mixed_ps_sub_r1,GA,41,BLK_41C,4,베이35A 수정,8,2025-07-26 17:00:57,2025-07-26 17:23:33,22.6,35A,베이35A
b100_mixed_ps_sub_r1,GA,80,BLK_80C,5,판계,1,2025-07-26 09:45:00,2025-07-26 10:37:00,52.0,,공통
b100_mixed_ps_sub_r1,GA,80,BLK_80C,5,전면SAW,2,2025-07-26 13:40:46,2025-07-26 16:50:46,190.0,,공통
b100_mixed_ps_sub_r1,GA,80,BLK_80C,5,TurnOver,3,2025-07-26 16:50:46,2025-07-26 17:02:46,12.0,,공통
b100_mixed_ps_sub_r1,GA,80,BLK_80C,5,후면SAW,4,2025-07-26 17:02:46,2025-07-26 19:47:46,165.0,,공통
b100_mixed_ps_sub_r1,GA,80,BLK_80C,5,NC,5,2025-07-26 19:47:46,2025-07-26 20:47:08,59.4,,공통
b100_mixed_ps_sub_r1,GA,80,BLK_80C,5,베이36B 론지취부,6,2025-07-26 20:47:08,2025-07-26 21:42:38,55.5,36B,베이36B
b100_mixed_ps_sub_r1,GA,80,BLK_80C,5,베이36B 론지용접,7,2025-07-26 21:42:38,2025-07-26 22:03:26,20.8,36B,베이36B
b100_mixed_ps_sub_r1,GA,80,BLK_80C,5,베이36B 수정,8,2025-07-26 22:03:26,2025-07-26 22:37:02,33.6,36B,베이36B
b100_mixed_ps_sub_r1,GA,4,BLK_4C,6,판계,1,2025-07-26 10:37:00,2025-07-26 10:57:00,20.0,,공통
b100_mixed_ps_sub_r1,GA,4,BLK_4C,6,전면SAW,2,2025-07-26 16:50:46,2025-07-26 18:56:12,125.4,,공통
b100_mixed_ps_sub_r1,GA,4,BLK_4C,6,TurnOver,3,2025-07-26 18:56:12,2025-07-26 19:08:12,12.0,,공통
b100_mixed_ps_sub_r1,GA,4,BLK_4C,6,후면SAW,4,2025-07-26 19:47:46,2025-07-26 21:56:01,128.2,,공통
b100_mixed_ps_sub_r1,GA,4,BLK_4C,6,NC,5,2025-07-26 21:56:01,2025-07-26 22:22:09,26.1,,공통
b100_mixed_ps_sub_r1,GA,4,BLK_4C,6,베이35A 론지취부,6,2025-07-26 22:22:09,2025-07-26 23:01:34,39.4,35A,베이35A
b100_mixed_ps_sub_r1,GA,4,BLK_4C,6,베이35A 론지용접,7,2025-07-26 23:01:34,2025-07-26 23:16:40,15.1,35A,베이35A
b100_mixed_ps_sub_r1,GA,4,BLK_4C,6,베이35A 수정,8,2025-07-26 23:16:40,2025-07-26 23:37:04,20.4,35A,베이35A
b100_mixed_ps_sub_r1,GA,8,BLK_8S,7,판계,1,2025-07-26 10:57:00,2025-07-26 11:22:00,25.0,,공통
b100_mixed_ps_sub_r1,GA,8,BLK_8S,7,전면SAW,2,2025-07-26 18:56:12,2025-07-26 19:26:23,30.2,,공통
b100_mixed_ps_sub_r1,GA,8,BLK_8S,7,TurnOver,3,2025-07-26 19:26:23,2025-07-26 19:38:23,12.0,,공통
b100_mixed_ps_sub_r1,GA,8,BLK_8S,7,후면SAW,4,2025-07-26 21:56:01,2025-07-26 22:14:37,18.6,,공통
b100_mixed_ps_sub_r1,GA,8,BLK_8S,7,NC,5,2025-07-26 22:22:09,2025-07-26 22:57:25,35.3,,공통
b100_mixed_ps_sub_r1,GA,8,BLK_8S,7,베이36B 론지취부,6,2025-07-26 22:57:25,2025-07-26 23:28:25,31.0,36B,베이36B
b100_mixed_ps_sub_r1,GA,8,BLK_8S,7,베이36B 론지용접,7,2025-07-26 23:28:25,2025-07-26 23:45:01,16.6,36B,베이36B
b100_mixed_ps_sub_r1,GA,8,BLK_8S,7,베이36B 수정,8,2025-07-26 23:45:01,2025-07-27 00:03:13,18.2,36B,베이36B
b100_mixed_ps_sub_r1,GA,27,BLK_27C,8,판계,1,2025-07-26 11:22:00,2025-07-26 12:02:00,40.0,,공통
b100_mixed_ps_sub_r1,GA,27,BLK_27C,8,전면SAW,2,2025-07-26 19:26:23,2025-07-26 21:08:42,102.3,,공통
b100_mixed_ps_sub_r1,GA,27,BLK_27C,8,TurnOver,3,2025-07-26 21:08:42,2025-07-26 21:20:42,12.0,,공통
b100_mixed_ps_sub_r1,GA,27,BLK_27C,8,후면SAW,4,2025-07-26 22:14:37,2025-07-26 23:26:35,72.0,,공통
b100_mixed_ps_sub_r1,GA,27,BLK_27C,8,NC,5,2025-07-26 23:26:35,2025-07-27 00:10:00,43.4,,공통
b100_mixed_ps_sub_r1,GA,27,BLK_27C,8,베이35A 론지취부,6,2025-07-27 00:10:00,2025-07-27 00:48:00,38.0,35A,베이35A
b100_mixed_ps_sub_r1,GA,27,BLK_27C,8,베이35A 론지용접,7,2025-07-27 00:48:00,2025-07-27 01:05:48,17.8,35A,베이35A
b100_mixed_ps_sub_r1,GA,27,BLK_27C,8,베이35A 수정,8,2025-07-27 01:05:48,2025-07-27 01:28:24,22.6,35A,베이35A
b100_mixed_ps_sub_r1,GA,61,BLK_61C,9,판계,1,2025-07-26 12:02:00,2025-07-26 12:27:00,25.0,,공통
b100_mixed_ps_sub_r1,GA,61,BLK_61C,9,전면SAW,2,2025-07-26 21:08:42,2025-07-26 21:39:10,30.5,,공통
b100_mixed_ps_sub_r1,GA,61,BLK_61C,9,TurnOver,3,2025-07-26 21:39:10,2025-07-26 21:51:10,12.0,,공통
b100_mixed_ps_sub_r1,GA,61,BLK_61C,9,후면SAW,4,2025-07-26 23:26:35,2025-07-26 23:45:33,19.0,,공통
b100_mixed_ps_sub_r1,GA,61,BLK_61C,9,NC,5,2025-07-27 00:10:00,2025-07-27 00:44:21,34.3,,공통
b100_mixed_ps_sub_r1,GA,61,BLK_61C,9,베이36B 론지취부,6,2025-07-27 00:44:21,2025-07-27 01:36:21,52.0,36B,베이36B
b100_mixed_ps_sub_r1,GA,61,BLK_61C,9,베이36B 론지용접,7,2025-07-27 01:36:21,2025-07-27 01:56:33,20.2,36B,베이36B
b100_mixed_ps_sub_r1,GA,61,BLK_61C,9,베이36B 수정,8,2025-07-27 01:56:33,2025-07-27 02:27:57,31.4,36B,베이36B
b100_mixed_ps_sub_r1,GA,84,BLK_84S,10,판계,1,2025-07-26 12:27:00,2025-07-26 13:07:00,40.0,,공통
b100_mixed_ps_sub_r1,GA,84,BLK_84S,10,전면SAW,2,2025-07-26 21:39:10,2025-07-27 00:01:16,142.1,,공통
b100_mixed_ps_sub_r1,GA,84,BLK_84S,10,TurnOver,3,2025-07-27 00:01:16,2025-07-27 00:13:16,12.0,,공통
b100_mixed_ps_sub_r1,GA,84,BLK_84S,10,후면SAW,4,2025-07-27 00:13:16,2025-07-27 01:57:04,103.8,,공통
b100_mixed_ps_sub_r1,GA,84,BLK_84S,10,NC,5,2025-07-27 01:57:04,2025-07-27 02:42:04,45.0,,공통
b100_mixed_ps_sub_r1,GA,84,BLK_84S,10,베이35A 론지취부,6,2025-07-27 02:42:04,2025-07-27 03:55:04,73.0,35A,베이35A
b100_mixed_ps_sub_r1,GA,84,BLK_84S,10,베이35A 론지용접,7,2025-07-27 03:55:04,2025-07-27 04:18:52,23.8,35A,베이35A
b100_mixed_ps_sub_r1,GA,84,BLK_84S,10,베이35A 수정,8,2025-07-27 04:18:52,2025-07-27 05:03:28,44.6,35A,베이35A
b100_mixed_ps_sub_r1,GA,23,BLK_23S,11,판계,1,2025-07-26 13:07:00,2025-07-26 13:27:00,20.0,,공통
b100_mixed_ps_sub_r1,GA,23,BLK_23S,11,전면SAW,2,2025-07-27 00:01:16,2025-07-27 00:38:36,37.3,,공통
b100_mixed_ps_sub_r1,GA,23,BLK_23S,11,TurnOver,3,2025-07-27 00:38:36,2025-07-27 00:50:36,12.0,,공통
b100_mixed_ps_sub_r1,GA,23,BLK_23S,11,후면SAW,4,2025-07-27 01:57:04,2025-07-27 02:25:04,28.0,,공통
b100_mixed_ps_sub_r1,GA,23,BLK_23S,11,NC,5,2025-07-27 02:42:04,2025-07-27 03:12:03,30.0,,공통
b100_mixed_ps_sub_r1,GA,23,BLK_23S,11,베이36B 론지취부,6,2025-07-27 03:12:03,2025-07-27 03:57:03,45.0,36B,베이36B
b100_mixed_ps_sub_r1,GA,23,BLK_23S,11,베이36B 론지용접,7,2025-07-27 03:57:03,2025-07-27 04:16:03,19.0,36B,베이36B
b100_mixed_ps_sub_r1,GA,23,BLK_23S,11,베이36B 수정,8,2025-07-27 04:16:03,2025-07-27 04:43:03,27.0,36B,베이36B
b100_mixed_ps_sub_r1,GA,35,BLK_35S,12,판계,1,2025-07-26 13:27:00,2025-07-26 13:39:00,12.0,,공통
b100_mixed_ps_sub_r1,GA,35,BLK_35S,12,전면SAW,2,2025-07-27 00:38:36,2025-07-27 01:17:57,39.4,,공통
b100_mixed_ps_sub_r1,GA,35,BLK_35S,12,TurnOver,3,2025-07-27 01:17:57,2025-07-27 01:29:57,12.0,,공통
b100_mixed_ps_sub_r1,GA,35,BLK_35S,12,후면SAW,4,2025-07-27 02:25:04,2025-07-27 02:55:43,30.7,,공통
b100_mixed_ps_sub_r1,GA,35,BLK_35S,12,NC,5,2025-07-27 03:12:03,2025-07-27 03:34:13,22.2,,공통
b100_mixed_ps_sub_r1,GA,35,BLK_35S,12,베이35A 론지취부,6,2025-07-27 03:55:04,2025-07-27 04:33:04,38.0,35A,베이35A
b100_mixed_ps_sub_r1,GA,35,BLK_35S,12,베이35A 론지용접,7,2025-07-27 04:33:04,2025-07-27 04:46:52,13.8,35A,베이35A
b100_mixed_ps_sub_r1,GA,35,BLK_35S,12,베이35A 수정,8,2025-07-27 05:03:28,2025-07-27 05:26:04,22.6,35A,베이35A
b100_mixed_ps_sub_r1,GA,24,BLK_24C,13,판계,1,2025-07-26 13:39:00,2025-07-26 14:24:00,45.0,,공통
b100_mixed_ps_sub_r1,GA,24,BLK_24C,13,전면SAW,2,2025-07-27 01:17:57,2025-07-27 02:39:02,81.1,,공통
b100_mixed_ps_sub_r1,GA,24,BLK_24C,13,TurnOver,3,2025-07-27 02:39:02,2025-07-27 02:51:02,12.0,,공통
b100_mixed_ps_sub_r1,GA,24,BLK_24C,13,후면SAW,4,2025-07-27 02:55:43,2025-07-27 04:12:15,76.5,,공통
b100_mixed_ps_sub_r1,GA,24,BLK_24C,13,NC,5,2025-07-27 04:12:15,2025-07-27 05:05:09,52.9,,공통
b100_mixed_ps_sub_r1,GA,24,BLK_24C,13,베이36B 론지취부,6,2025-07-27 05:05:09,2025-07-27 05:57:09,52.0,36B,베이36B
b100_mixed_ps_sub_r1,GA,24,BLK_24C,13,베이36B 론지용접,7,2025-07-27 05:57:09,2025-07-27 06:17:21,20.2,36B,베이36B
b100_mixed_ps_sub_r1,GA,24,BLK_24C,13,베이36B 수정,8,2025-07-27 06:17:21,2025-07-27 06:48:45,31.4,36B,베이36B
b100_mixed_ps_sub_r1,GA,42,BLK_42C,1,판계,1,2025-07-27 08:00:00,2025-07-27 08:20:00,20.0,,공통
b100_mixed_ps_sub_r1,GA,42,BLK_42C,1,전면SAW,2,2025-07-27 08:20:00,2025-07-27 08:59:01,39.0,,공통
b100_mixed_ps_sub_r1,GA,42,BLK_42C,1,TurnOver,3,2025-07-27 08:59:01,2025-07-27 09:11:01,12.0,,공통
b100_mixed_ps_sub_r1,GA,42,BLK_42C,1,후면SAW,4,2025-07-27 09:11:01,2025-07-27 09:41:15,30.2,,공통
b100_mixed_ps_sub_r1,GA,42,BLK_42C,1,NC,5,2025-07-27 09:41:15,2025-07-27 10:11:42,30.4,,공통
b100_mixed_ps_sub_r1,GA,42,BLK_42C,1,베이35A 론지취부,6,2025-07-27 10:11:42,2025-07-27 11:35:12,83.5,35A,베이35A
b100_mixed_ps_sub_r1,GA,42,BLK_42C,1,베이35A 론지용접,7,2025-07-27 11:35:12,2025-07-27 12:00:48,25.6,35A,베이35A
b100_mixed_ps_sub_r1,GA,42,BLK_42C,1,베이35A 수정,8,2025-07-27 12:00:48,2025-07-27 12:52:00,51.2,35A,베이35A
b100_mixed_ps_sub_r1,GA,60,BLK_60C,2,판계,1,2025-07-27 08:20:00,2025-07-27 08:50:00,30.0,,공통
b100_mixed_ps_sub_r1,GA,60,BLK_60C,2,전면SAW,2,2025-07-27 08:59:01,2025-07-27 09:26:57,27.9,,공통
b100_mixed_ps_sub_r1,GA,60,BLK_60C,2,TurnOver,3,2025-07-27 09:26:57,2025-07-27 09:38:57,12.0,,공통
b100_mixed_ps_sub_r1,GA,60,BLK_60C,2,후면SAW,4,2025-07-27 09:41:15,2025-07-27 09:56:52,15.6,,공통
b100_mixed_ps_sub_r1,GA,60,BLK_60C,2,NC,5,2025-07-27 10:11:42,2025-07-27 10:50:07,38.4,,공통
b100_mixed_ps_sub_r1,GA,60,BLK_60C,2,베이36B 론지취부,6,2025-07-27 10:50:07,2025-07-27 11:52:37,62.5,36B,베이36B
b100_mixed_ps_sub_r1,GA,60,BLK_60C,2,베이36B 론지용접,7,2025-07-27 11:52:37,2025-07-27 12:14:37,22.0,36B,베이36B
b100_mixed_ps_sub_r1,GA,60,BLK_60C,2,베이36B 수정,8,2025-07-27 12:14:37,2025-07-27 12:52:37,38.0,36B,베이36B
b100_mixed_ps_sub_r1,GA,62,BLK_62C,3,판계,1,2025-07-27 08:50:00,2025-07-27 09:35:00,45.0,,공통
b100_mixed_ps_sub_r1,GA,62,BLK_62C,3,전면SAW,2,2025-07-27 09:35:00,2025-07-27 12:06:59,152.0,,공통
b100_mixed_ps_sub_r1,GA,62,BLK_62C,3,TurnOver,3,2025-07-27 12:06:59,2025-07-27 12:18:59,12.0,,공통
b100_mixed_ps_sub_r1,GA,62,BLK_62C,3,후면SAW,4,2025-07-27 12:18:59,2025-07-27 14:10:42,111.7,,공통
b100_mixed_ps_sub_r1,GA,62,BLK_62C,3,NC,5,2025-07-27 14:10:42,2025-07-27 15:03:30,52.8,,공통
b100_mixed_ps_sub_r1,GA,62,BLK_62C,3,베이35A 론지취부,6,2025-07-27 15:03:30,2025-07-27 16:06:00,62.5,35A,베이35A
b100_mixed_ps_sub_r1,GA,62,BLK_62C,3,베이35A 론지용접,7,2025-07-27 16:06:00,2025-07-27 16:28:00,22.0,35A,베이35A
b100_mixed_ps_sub_r1,GA,62,BLK_62C,3,베이35A 수정,8,2025-07-27 16:28:00,2025-07-27 17:06:00,38.0,35A,베이35A
b100_mixed_ps_sub_r1,GA,70,BLK_70P,4,판계,1,2025-07-27 09:35:00,2025-07-27 10:05:00,30.0,,공통
b100_mixed_ps_sub_r1,GA,70,BLK_70P,4,전면SAW,2,2025-07-27 12:06:59,2025-07-27 12:46:09,39.2,,공통
b100_mixed_ps_sub_r1,GA,70,BLK_70P,4,TurnOver,3,2025-07-27 12:46:09,2025-07-27 12:58:09,12.0,,공통
b100_mixed_ps_sub_r1,GA,70,BLK_70P,4,후면SAW,4,2025-07-27 14:10:42,2025-07-27 14:41:06,30.4,,공통
b100_mixed_ps_sub_r1,GA,70,BLK_70P,4,NC,5,2025-07-27 15:03:30,2025-07-27 15:50:07,46.6,,공통
b100_mixed_ps_sub_r1,GA,70,BLK_70P,4,베이36B 론지취부,6,2025-07-27 15:50:07,2025-07-27 16:35:07,45.0,36B,베이36B
b100_mixed_ps_sub_r1,GA,70,BLK_70P,4,베이36B 론지용접,7,2025-07-27 16:35:07,2025-07-27 16:54:07,19.0,36B,베이36B
b100_mixed_ps_sub_r1,GA,70,BLK_70P,4,베이36B 수정,8,2025-07-27 16:54:07,2025-07-27 17:21:07,27.0,36B,베이36B
b100_mixed_ps_sub_r1,GA,72,BLK_72S,5,판계,1,2025-07-27 10:05:00,2025-07-27 10:35:00,30.0,,공통
b100_mixed_ps_sub_r1,GA,72,BLK_72S,5,전면SAW,2,2025-07-27 12:46:09,2025-07-27 14:36:12,110.1,,공통
b100_mixed_ps_sub_r1,GA,72,BLK_72S,5,TurnOver,3,2025-07-27 14:36:12,2025-07-27 14:48:12,12.0,,공통
b100_mixed_ps_sub_r1,GA,72,BLK_72S,5,후면SAW,4,2025-07-27 14:48:12,2025-07-27 16:16:18,88.1,,공통
b100_mixed_ps_sub_r1,GA,72,BLK_72S,5,NC,5,2025-07-27 16:16:18,2025-07-27 17:11:08,54.8,,공통
b100_mixed_ps_sub_r1,GA,72,BLK_72S,5,베이35A 론지취부,6,2025-07-27 17:11:08,2025-07-27 18:20:38,69.5,35A,베이35A
b100_mixed_ps_sub_r1,GA,72,BLK_72S,5,베이35A 론지용접,7,2025-07-27 18:20:38,2025-07-27 18:43:50,23.2,35A,베이35A
b100_mixed_ps_sub_r1,GA,72,BLK_72S,5,베이35A 수정,8,2025-07-27 18:43:50,2025-07-27 19:26:14,42.4,35A,베이35A
b100_mixed_ps_sub_r1,GA,90,BLK_90C,6,판계,1,2025-07-27 10:35:00,2025-07-27 10:55:00,20.0,,공통
b100_mixed_ps_sub_r1,GA,90,BLK_90C,6,전면SAW,2,2025-07-27 14:36:12,2025-07-27 15:09:30,33.3,,공통
b100_mixed_ps_sub_r1,GA,90,BLK_90C,6,TurnOver,3,2025-07-27 15:09:30,2025-07-27 15:21:30,12.0,,공통
b100_mixed_ps_sub_r1,GA,90,BLK_90C,6,후면SAW,4,2025-07-27 16:16:18,2025-07-27 16:39:00,22.7,,공통
b100_mixed_ps_sub_r1,GA,90,BLK_90C,6,NC,5,2025-07-27 17:11:08,2025-07-27 17:40:12,29.1,,공통
b100_mixed_ps_sub_r1,GA,90,BLK_90C,6,베이36B 론지취부,6,2025-07-27 17:40:12,2025-07-27 18:25:12,45.0,36B,베이36B
b100_mixed_ps_sub_r1,GA,90,BLK_90C,6,베이36B 론지용접,7,2025-07-27 18:25:12,2025-07-27 18:44:12,19.0,36B,베이36B
b100_mixed_ps_sub_r1,GA,90,BLK_90C,6,베이36B 수정,8,2025-07-27 18:44:12,2025-07-27 19:11:12,27.0,36B,베이36B
b100_mixed_ps_sub_r1,GA,31,BLK_31S,7,판계,1,2025-07-27 10:55:00,2025-07-27 11:35:00,40.0,,공통
b100_mixed_ps_sub_r1,GA,31,BLK_31S,7,전면SAW,2,2025-07-27 15:09:30,2025-07-27 17:41:12,151.7,,공통
b100_mixed_ps_sub_r1,GA,31,BLK_31S,7,TurnOver,3,2025-07-27 17:41:12,2025-07-27 17:53:12,12.0,,공통
b100_mixed_ps_sub_r1,GA,31,BLK_31S,7,후면SAW,4,2025-07-27 17:53:12,2025-07-27 19:44:41,111.5,,공통
b100_mixed_ps_sub_r1,GA,31,BLK_31S,7,NC,5,2025-07-27 19:44:41,2025-07-27 20:29:33,44.9,,공통
b100_mixed_ps_sub_r1,GA,31,BLK_31S,7,베이35A 론지취부,6,2025-07-27 20:29:33,2025-07-27 21:25:03,55.5,35A,베이35A
b100_mixed_ps_sub_r1,GA,31,BLK_31S,7,베이35A 론지용접,7,2025-07-27 21:25:03,2025-07-27 21:45:51,20.8,35A,베이35A
b100_mixed_ps_sub_r1,GA,31,BLK_31S,7,베이35A 수정,8,2025-07-27 21:45:51,2025-07-27 22:19:27,33.6,35A,베이35A
b100_mixed_ps_sub_r1,GA,95,BLK_70S,8,판계,1,2025-07-27 11:35:00,2025-07-27 12:05:00,30.0,,공통
b100_mixed_ps_sub_r1,GA,95,BLK_70S,8,전면SAW,2,2025-07-27 17:41:12,2025-07-27 18:20:22,39.2,,공통
b100_mixed_ps_sub_r1,GA,95,BLK_70S,8,TurnOver,3,2025-07-27 18:20:22,2025-07-27 18:32:22,12.0,,공통
b100_mixed_ps_sub_r1,GA,95,BLK_70S,8,후면SAW,4,2025-07-27 19:44:41,2025-07-27 20:15:06,30.4,,공통
b100_mixed_ps_sub_r1,GA,95,BLK_70S,8,NC,5,2025-07-27 20:29:33,2025-07-27 21:16:10,46.6,,공통
b100_mixed_ps_sub_r1,GA,95,BLK_70S,8,베이36B 론지취부,6,2025-07-27 21:16:10,2025-07-27 22:01:10,45.0,36B,베이36B
b100_mixed_ps_sub_r1,GA,95,BLK_70S,8,베이36B 론지용접,7,2025-07-27 22:01:10,2025-07-27 22:20:10,19.0,36B,베이36B
b100_mixed_ps_sub_r1,GA,95,BLK_70S,8,베이36B 수정,8,2025-07-27 22:20:10,2025-07-27 22:47:10,27.0,36B,베이36B
b100_mixed_ps_sub_r1,GA,53,BLK_53C,9,판계,1,2025-07-27 12:05:00,2025-07-27 12:38:00,33.0,,공통
b100_mixed_ps_sub_r1,GA,53,BLK_53C,9,전면SAW,2,2025-07-27 18:20:22,2025-07-27 19:34:32,74.2,,공통
b100_mixed_ps_sub_r1,GA,53,BLK_53C,9,TurnOver,3,2025-07-27 19:34:32,2025-07-27 19:46:32,12.0,,공통
b100_mixed_ps_sub_r1,GA,53,BLK_53C,9,후면SAW,4,2025-07-27 20:15:06,2025-07-27 21:10:28,55.4,,공통
b100_mixed_ps_sub_r1,GA,53,BLK_53C,9,NC,5,2025-07-27 21:16:10,2025-07-27 21:52:40,36.5,,공통
b100_mixed_ps_sub_r1,GA,53,BLK_53C,9,베이35A 론지취부,6,2025-07-27 21:52:40,2025-07-27 22:20:10,27.5,35A,베이35A
b100_mixed_ps_sub_r1,GA,53,BLK_53C,9,베이35A 론지용접,7,2025-07-27 22:20:10,2025-07-27 22:36:10,16.0,35A,베이35A
b100_mixed_ps_sub_r1,GA,53,BLK_53C,9,베이35A 수정,8,2025-07-27 22:36:10,2025-07-27 22:52:10,16.0,35A,베이35A
b100_mixed_ps_sub_r1,GA,28,BLK_28C,1,판계,1,2025-07-28 08:00:00,2025-07-28 08:30:00,30.0,,공통
b100_mixed_ps_sub_r1,GA,28,BLK_28C,1,전면SAW,2,2025-07-28 08:30:00,2025-07-28 09:00:06,30.1,,공통
b100_mixed_ps_sub_r1,GA,28,BLK_28C,1,TurnOver,3,2025-07-28 09:00:06,2025-07-28 09:12:06,12.0,,공통
b100_mixed_ps_sub_r1,GA,28,BLK_28C,1,후면SAW,4,2025-07-28 09:12:06,2025-07-28 09:30:34,18.5,,공통
b100_mixed_ps_sub_r1,GA,28,BLK_28C,1,NC,5,2025-07-28 09:30:34,2025-07-28 10:12:26,41.9,,공통
b100_mixed_ps_sub_r1,GA,28,BLK_28C,1,베이36B 론지취부,6,2025-07-28 10:12:26,2025-07-28 10:57:26,45.0,36B,베이36B
b100_mixed_ps_sub_r1,GA,28,BLK_28C,1,베이36B 론지용접,7,2025-07-28 10:57:26,2025-07-28 11:16:26,19.0,36B,베이36B
b100_mixed_ps_sub_r1,GA,28,BLK_28C,1,베이36B 수정,8,2025-07-28 11:16:26,2025-07-28 11:43:26,27.0,36B,베이36B
b100_mixed_ps_sub_r1,GA,32,BLK_32S,2,판계,1,2025-07-28 08:30:00,2025-07-28 08:50:00,20.0,,공통
b100_mixed_ps_sub_r1,GA,32,BLK_32S,2,전면SAW,2,2025-07-28 09:00:06,2025-07-28 11:01:24,121.3,,공통
b100_mixed_ps_sub_r1,GA,32,BLK_32S,2,TurnOver,3,2025-07-28 11:01:24,2025-07-28 11:13:24,12.0,,공통
b100_mixed_ps_sub_r1,GA,32,BLK_32S,2,후면SAW,4,2025-07-28 11:13:24,2025-07-28 12:51:46,98.4,,공통
b100_mixed_ps_sub_r1,GA,32,BLK_32S,2,NC,5,2025-07-28 12:51:46,2025-07-28 13:17:42,25.9,,공통
b100_mixed_ps_sub_r1,GA,32,BLK_32S,2,베이35A 론지취부,6,2025-07-28 13:17:42,2025-07-28 13:41:42,24.0,35A,베이35A
b100_mixed_ps_sub_r1,GA,32,BLK_32S,2,베이35A 론지용접,7,2025-07-28 13:41:42,2025-07-28 13:53:06,11.4,35A,베이35A
b100_mixed_ps_sub_r1,GA,32,BLK_32S,2,베이35A 수정,8,2025-07-28 13:53:06,2025-07-28 14:06:54,13.8,35A,베이35A
b100_mixed_ps_sub_r1,GA,25,BLK_25P,3,판계,1,2025-07-28 08:50:00,2025-07-28 09:20:00,30.0,,공통
b100_mixed_ps_sub_r1,GA,25,BLK_25P,3,전면SAW,2,2025-07-28 11:01:24,2025-07-28 11:35:57,34.5,,공통
b100_mixed_ps_sub_r1,GA,25,BLK_25P,3,TurnOver,3,2025-07-28 11:35:57,2025-07-28 11:47:57,12.0,,공통
b100_mixed_ps_sub_r1,GA,25,BLK_25P,3,후면SAW,4,2025-07-28 12:51:46,2025-07-28 13:16:06,24.3,,공통
b100_mixed_ps_sub_r1,GA,25,BLK_25P,3,NC,5,2025-07-28 13:17:42,2025-07-28 14:01:29,43.8,,공통
b100_mixed_ps_sub_r1,GA,25,BLK_25P,3,베이36B 론지취부,6,2025-07-28 14:01:29,2025-07-28 15:38:59,97.5,36B,베이36B
b100_mixed_ps_sub_r1,GA,25,BLK_25P,3,베이36B 론지용접,7,2025-07-28 15:38:59,2025-07-28 16:06:59,28.0,36B,베이36B
b100_mixed_ps_sub_r1,GA,25,BLK_25P,3,베이36B 수정,8,2025-07-28 16:06:59,2025-07-28 17:06:59,60.0,36B,베이36B
b100_mixed_ps_sub_r1,GA,75,BLK_75C,4,판계,1,2025-07-28 09:20:00,2025-07-28 10:05:00,45.0,,공통
b100_mixed_ps_sub_r1,GA,75,BLK_75C,4,전면SAW,2,2025-07-28 11:35:57,2025-07-28 13:43:02,127.1,,공통
b100_mixed_ps_sub_r1,GA,75,BLK_75C,4,TurnOver,3,2025-07-28 13:43:02,2025-07-28 13:55:02,12.0,,공통
b100_mixed_ps_sub_r1,GA,75,BLK_75C,4,후면SAW,4,2025-07-28 13:55:02,2025-07-28 15:42:54,107.9,,공통
b100_mixed_ps_sub_r1,GA,75,BLK_75C,4,NC,5,2025-07-28 15:42:54,2025-07-28 16:47:20,64.4,,공통
b100_mixed_ps_sub_r1,GA,75,BLK_75C,4,베이35A 론지취부,6,2025-07-28 16:47:20,2025-07-28 18:14:20,87.0,35A,베이35A
b100_mixed_ps_sub_r1,GA,75,BLK_75C,4,베이35A 론지용접,7,2025-07-28 18:14:20,2025-07-28 18:40:32,26.2,35A,베이35A
b100_mixed_ps_sub_r1,GA,75,BLK_75C,4,베이35A 수정,8,2025-07-28 18:40:32,2025-07-28 19:33:56,53.4,35A,베이35A
b100_mixed_ps_sub_r1,GA,20,BLK_20P,5,판계,1,2025-07-28 10:05:00,2025-07-28 10:25:00,20.0,,공통
b100_mixed_ps_sub_r1,GA,20,BLK_20P,5,전면SAW,2,2025-07-28 13:43:02,2025-07-28 14:18:34,35.5,,공통
b100_mixed_ps_sub_r1,GA,20,BLK_20P,5,TurnOver,3,2025-07-28 14:18:34,2025-07-28 14:30:34,12.0,,공통
b100_mixed_ps_sub_r1,GA,20,BLK_20P,5,후면SAW,4,2025-07-28 15:42:54,2025-07-28 16:08:32,25.6,,공통
b100_mixed_ps_sub_r1,GA,20,BLK_20P,5,NC,5,2025-07-28 16:47:20,2025-07-28 17:18:05,30.8,,공통
b100_mixed_ps_sub_r1,GA,20,BLK_20P,5,베이36B 론지취부,6,2025-07-28 17:18:05,2025-07-28 18:17:05,59.0,36B,베이36B
b100_mixed_ps_sub_r1,GA,20,BLK_20P,5,베이36B 론지용접,7,2025-07-28 18:17:05,2025-07-28 18:38:29,21.4,36B,베이36B
b100_mixed_ps_sub_r1,GA,20,BLK_20P,5,베이36B 수정,8,2025-07-28 18:38:29,2025-07-28 19:14:17,35.8,36B,베이36B
b100_mixed_ps_sub_r1,GA,74,BLK_74C,6,판계,1,2025-07-28 10:25:00,2025-07-28 10:45:00,20.0,,공통
b100_mixed_ps_sub_r1,GA,74,BLK_74C,6,전면SAW,2,2025-07-28 14:18:34,2025-07-28 16:30:17,131.7,,공통
b100_mixed_ps_sub_r1,GA,74,BLK_74C,6,TurnOver,3,2025-07-28 16:30:17,2025-07-28 16:42:17,12.0,,공통
b100_mixed_ps_sub_r1,GA,74,BLK_74C,6,후면SAW,4,2025-07-28 16:42:17,2025-07-28 18:57:52,135.6,,공통
b100_mixed_ps_sub_r1,GA,74,BLK_74C,6,NC,5,2025-07-28 18:57:52,2025-07-28 19:27:03,29.2,,공통
b100_mixed_ps_sub_r1,GA,74,BLK_74C,6,베이35A 론지취부,6,2025-07-28 19:27:03,2025-07-28 20:22:33,55.5,35A,베이35A
b100_mixed_ps_sub_r1,GA,74,BLK_74C,6,베이35A 론지용접,7,2025-07-28 20:22:33,2025-07-28 20:43:21,20.8,35A,베이35A
b100_mixed_ps_sub_r1,GA,74,BLK_74C,6,베이35A 수정,8,2025-07-28 20:43:21,2025-07-28 21:16:57,33.6,35A,베이35A
b100_mixed_ps_sub_r1,GA,46,BLK_46C,7,판계,1,2025-07-28 10:45:00,2025-07-28 11:10:00,25.0,,공통
b100_mixed_ps_sub_r1,GA,46,BLK_46C,7,전면SAW,2,2025-07-28 16:30:17,2025-07-28 17:10:19,40.0,,공통
b100_mixed_ps_sub_r1,GA,46,BLK_46C,7,TurnOver,3,2025-07-28 17:10:19,2025-07-28 17:22:19,12.0,,공통
b100_mixed_ps_sub_r1,GA,46,BLK_46C,7,후면SAW,4,2025-07-28 18:57:52,2025-07-28 19:29:27,31.6,,공통
b100_mixed_ps_sub_r1,GA,46,BLK_46C,7,NC,5,2025-07-28 19:29:27,2025-07-28 20:02:52,33.4,,공통
b100_mixed_ps_sub_r1,GA,46,BLK_46C,7,베이36B 론지취부,6,2025-07-28 20:02:52,2025-07-28 20:51:22,48.5,36B,베이36B
b100_mixed_ps_sub_r1,GA,46,BLK_46C,7,베이36B 론지용접,7,2025-07-28 20:51:22,2025-07-28 21:10:58,19.6,36B,베이36B
b100_mixed_ps_sub_r1,GA,46,BLK_46C,7,베이36B 수정,8,2025-07-28 21:10:58,2025-07-28 21:40:10,29.2,36B,베이36B
b100_mixed_ps_sub_r1,GA,51,BLK_51P,8,판계,1,2025-07-28 11:10:00,2025-07-28 11:35:00,25.0,,공통
b100_mixed_ps_sub_r1,GA,51,BLK_51P,8,전면SAW,2,2025-07-28 17:10:19,2025-07-28 17:44:16,33.9,,공통
b100_mixed_ps_sub_r1,GA,51,BLK_51P,8,TurnOver,3,2025-07-28 17:44:16,2025-07-28 17:56:16,12.0,,공통
b100_mixed_ps_sub_r1,GA,51,BLK_51P,8,후면SAW,4,2025-07-28 19:29:27,2025-07-28 19:52:59,23.5,,공통
b100_mixed_ps_sub_r1,GA,51,BLK_51P,8,NC,5,2025-07-28 20:02:52,2025-07-28 20:41:04,38.2,,공통
b100_mixed_ps_sub_r1,GA,51,BLK_51P,8,베이35A 론지취부,6,2025-07-28 20:41:04,2025-07-28 21:57:34,76.5,35A,베이35A
b100_mixed_ps_sub_r1,GA,51,BLK_51P,8,베이35A 론지용접,7,2025-07-28 21:57:34,2025-07-28 22:21:58,24.4,35A,베이35A
b100_mixed_ps_sub_r1,GA,51,BLK_51P,8,베이35A 수정,8,2025-07-28 22:21:58,2025-07-28 23:08:46,46.8,35A,베이35A
b100_mixed_ps_sub_r1,GA,54,BLK_54S,9,판계,1,2025-07-28 11:35:00,2025-07-28 12:15:00,40.0,,공통
b100_mixed_ps_sub_r1,GA,54,BLK_54S,9,전면SAW,2,2025-07-28 17:44:16,2025-07-28 20:29:42,165.4,,공통
b100_mixed_ps_sub_r1,GA,54,BLK_54S,9,TurnOver,3,2025-07-28 20:29:42,2025-07-28 20:41:42,12.0,,공통
b100_mixed_ps_sub_r1,GA,54,BLK_54S,9,후면SAW,4,2025-07-28 20:41:42,2025-07-28 22:44:11,122.5,,공통
b100_mixed_ps_sub_r1,GA,54,BLK_54S,9,NC,5,2025-07-28 22:44:11,2025-07-28 23:29:28,45.3,,공통
b100_mixed_ps_sub_r1,GA,54,BLK_54S,9,베이36B 론지취부,6,2025-07-28 23:29:28,2025-07-29 00:38:58,69.5,36B,베이36B
b100_mixed_ps_sub_r1,GA,54,BLK_54S,9,베이36B 론지용접,7,2025-07-29 00:38:58,2025-07-29 01:02:10,23.2,36B,베이36B
b100_mixed_ps_sub_r1,GA,54,BLK_54S,9,베이36B 수정,8,2025-07-29 01:02:10,2025-07-29 01:44:34,42.4,36B,베이36B
b100_mixed_ps_sub_r1,GA,81,BLK_81C,10,판계,1,2025-07-28 12:15:00,2025-07-28 12:45:00,30.0,,공통
b100_mixed_ps_sub_r1,GA,81,BLK_81C,10,전면SAW,2,2025-07-28 20:29:42,2025-07-28 21:02:01,32.3,,공통
b100_mixed_ps_sub_r1,GA,81,BLK_81C,10,TurnOver,3,2025-07-28 21:02:01,2025-07-28 21:14:01,12.0,,공통
b100_mixed_ps_sub_r1,GA,81,BLK_81C,10,후면SAW,4,2025-07-28 22:44:11,2025-07-28 23:05:36,21.4,,공통
b100_mixed_ps_sub_r1,GA,81,BLK_81C,10,NC,5,2025-07-28 23:29:28,2025-07-29 00:09:36,40.1,,공통
b100_mixed_ps_sub_r1,GA,81,BLK_81C,10,베이35A 론지취부,6,2025-07-29 00:09:36,2025-07-29 01:15:36,66.0,35A,베이35A
b100_mixed_ps_sub_r1,GA,81,BLK_81C,10,베이35A 론지용접,7,2025-07-29 01:15:36,2025-07-29 01:38:12,22.6,35A,베이35A
b100_mixed_ps_sub_r1,GA,81,BLK_81C,10,베이35A 수정,8,2025-07-29 01:38:12,2025-07-29 02:18:24,40.2,35A,베이35A
b100_mixed_ps_sub_r1,GA,83,BLK_83S,11,판계,1,2025-07-28 12:45:00,2025-07-28 13:23:00,38.0,,공통
b100_mixed_ps_sub_r1,GA,83,BLK_83S,11,전면SAW,2,2025-07-28 21:02:01,2025-07-28 22:46:42,104.7,,공통
b100_mixed_ps_sub_r1,GA,83,BLK_83S,11,TurnOver,3,2025-07-28 22:46:42,2025-07-28 22:58:42,12.0,,공통
b100_mixed_ps_sub_r1,GA,83,BLK_83S,11,후면SAW,4,2025-07-28 23:05:36,2025-07-29 00:28:48,83.2,,공통
b100_mixed_ps_sub_r1,GA,83,BLK_83S,11,NC,5,2025-07-29 00:28:48,2025-07-29 01:18:07,49.3,,공통
b100_mixed_ps_sub_r1,GA,83,BLK_83S,11,베이36B 론지취부,6,2025-07-29 01:18:07,2025-07-29 02:55:37,97.5,36B,베이36B
b100_mixed_ps_sub_r1,GA,83,BLK_83S,11,베이36B 론지용접,7,2025-07-29 02:55:37,2025-07-29 03:23:37,28.0,36B,베이36B
b100_mixed_ps_sub_r1,GA,83,BLK_83S,11,베이36B 수정,8,2025-07-29 03:23:37,2025-07-29 04:23:37,60.0,36B,베이36B
b100_mixed_ps_sub_r1,GA,63,BLK_63C,12,판계,1,2025-07-28 13:23:00,2025-07-28 13:35:00,12.0,,공통
b100_mixed_ps_sub_r1,GA,63,BLK_63C,12,전면SAW,2,2025-07-28 22:46:42,2025-07-28 23:25:06,38.4,,공통
b100_mixed_ps_sub_r1,GA,63,BLK_63C,12,TurnOver,3,2025-07-28 23:25:06,2025-07-28 23:37:06,12.0,,공통
b100_mixed_ps_sub_r1,GA,63,BLK_63C,12,후면SAW,4,2025-07-29 00:28:48,2025-07-29 00:58:12,29.4,,공통
b100_mixed_ps_sub_r1,GA,63,BLK_63C,12,NC,5,2025-07-29 01:18:07,2025-07-29 01:39:04,20.9,,공통
b100_mixed_ps_sub_r1,GA,63,BLK_63C,12,베이35A 론지취부,6,2025-07-29 01:39:04,2025-07-29 02:17:04,38.0,35A,베이35A
b100_mixed_ps_sub_r1,GA,63,BLK_63C,12,베이35A 론지용접,7,2025-07-29 02:17:04,2025-07-29 02:30:52,13.8,35A,베이35A
b100_mixed_ps_sub_r1,GA,63,BLK_63C,12,베이35A 수정,8,2025-07-29 02:30:52,2025-07-29 02:53:28,22.6,35A,베이35A
b100_mixed_ps_sub_r1,GA,64,BLK_64S,13,판계,1,2025-07-28 13:35:00,2025-07-28 14:15:00,40.0,,공통
b100_mixed_ps_sub_r1,GA,64,BLK_64S,13,전면SAW,2,2025-07-28 23:25:06,2025-07-29 01:58:15,153.2,,공통
b100_mixed_ps_sub_r1,GA,64,BLK_64S,13,TurnOver,3,2025-07-29 01:58:15,2025-07-29 02:10:15,12.0,,공통
b100_mixed_ps_sub_r1,GA,64,BLK_64S,13,후면SAW,4,2025-07-29 02:10:15,2025-07-29 04:02:54,112.7,,공통
b100_mixed_ps_sub_r1,GA,64,BLK_64S,13,NC,5,2025-07-29 04:02:54,2025-07-29 04:48:36,45.7,,공통
b100_mixed_ps_sub_r1,GA,64,BLK_64S,13,베이36B 론지취부,6,2025-07-29 04:48:36,2025-07-29 05:51:06,62.5,36B,베이36B
b100_mixed_ps_sub_r1,GA,64,BLK_64S,13,베이36B 론지용접,7,2025-07-29 05:51:06,2025-07-29 06:13:06,22.0,36B,베이36B
b100_mixed_ps_sub_r1,GA,64,BLK_64S,13,베이36B 수정,8,2025-07-29 06:13:06,2025-07-29 06:51:06,38.0,36B,베이36B
b100_mixed_ps_sub_r1,GA,85,BLK_85S,14,판계,1,2025-07-28 14:15:00,2025-07-28 14:35:00,20.0,,공통
b100_mixed_ps_sub_r1,GA,85,BLK_85S,14,전면SAW,2,2025-07-29 01:58:15,2025-07-29 02:33:28,35.2,,공통
b100_mixed_ps_sub_r1,GA,85,BLK_85S,14,TurnOver,3,2025-07-29 02:33:28,2025-07-29 02:45:28,12.0,,공통
b100_mixed_ps_sub_r1,GA,85,BLK_85S,14,후면SAW,4,2025-07-29 04:02:54,2025-07-29 04:28:08,25.2,,공통
b100_mixed_ps_sub_r1,GA,85,BLK_85S,14,NC,5,2025-07-29 04:48:36,2025-07-29 05:17:00,28.4,,공통
b100_mixed_ps_sub_r1,GA,85,BLK_85S,14,베이35A 론지취부,6,2025-07-29 05:17:00,2025-07-29 05:58:30,41.5,35A,베이35A
b100_mixed_ps_sub_r1,GA,85,BLK_85S,14,베이35A 론지용접,7,2025-07-29 05:58:30,2025-07-29 06:16:54,18.4,35A,베이35A
b100_mixed_ps_sub_r1,GA,85,BLK_85S,14,베이35A 수정,8,2025-07-29 06:16:54,2025-07-29 06:41:42,24.8,35A,베이35A
b100_mixed_ps_sub_r1,GA,36,BLK_36S,15,판계,1,2025-07-28 14:35:00,2025-07-28 15:03:00,28.0,,공통
b100_mixed_ps_sub_r1,GA,36,BLK_36S,15,전면SAW,2,2025-07-29 02:33:28,2025-07-29 04:03:00,89.5,,공통
b100_mixed_ps_sub_r1,GA,36,BLK_36S,15,TurnOver,3,2025-07-29 04:03:00,2025-07-29 04:15:00,12.0,,공통
b100_mixed_ps_sub_r1,GA,36,BLK_36S,15,후면SAW,4,2025-07-29 04:28:08,2025-07-29 05:37:31,69.4,,공통
b100_mixed_ps_sub_r1,GA,36,BLK_36S,15,NC,5,2025-07-29 05:37:31,2025-07-29 06:08:37,31.1,,공통
b100_mixed_ps_sub_r1,GA,36,BLK_36S,15,베이36B 론지취부,6,2025-07-29 06:08:37,2025-07-29 06:36:07,27.5,36B,베이36B
b100_mixed_ps_sub_r1,GA,36,BLK_36S,15,베이36B 론지용접,7,2025-07-29 06:36:07,2025-07-29 06:48:07,12.0,36B,베이36B
b100_mixed_ps_sub_r1,GA,36,BLK_36S,15,베이36B 수정,8,2025-07-29 06:51:06,2025-07-29 07:07:06,16.0,36B,베이36B
b100_mixed_ps_sub_r1,GA,71,BLK_71P,16,판계,1,2025-07-28 15:03:00,2025-07-28 15:33:00,30.0,,공통
b100_mixed_ps_sub_r1,GA,71,BLK_71P,16,전면SAW,2,2025-07-29 04:03:00,2025-07-29 04:34:56,31.9,,공통
b100_mixed_ps_sub_r1,GA,71,BLK_71P,16,TurnOver,3,2025-07-29 04:34:56,2025-07-29 04:46:56,12.0,,공통
b100_mixed_ps_sub_r1,GA,71,BLK_71P,16,후면SAW,4,2025-07-29 05:37:31,2025-07-29 05:58:25,20.9,,공통
b100_mixed_ps_sub_r1,GA,71,BLK_71P,16,NC,5,2025-07-29 06:08:37,2025-07-29 06:56:49,48.2,,공통
b100_mixed_ps_sub_r1,GA,71,BLK_71P,16,베이35A 론지취부,6,2025-07-29 06:56:49,2025-07-29 08:09:49,73.0,35A,베이35A
b100_mixed_ps_sub_r1,GA,71,BLK_71P,16,베이35A 론지용접,7,2025-07-29 08:09:49,2025-07-29 08:33:37,23.8,35A,베이35A
b100_mixed_ps_sub_r1,GA,71,BLK_71P,16,베이35A 수정,8,2025-07-29 08:33:37,2025-07-29 09:18:13,44.6,35A,베이35A
b100_mixed_ps_sub_r1,GA,79,BLK_79S,17,판계,1,2025-07-28 15:33:00,2025-07-28 16:06:00,33.0,,공통
b100_mixed_ps_sub_r1,GA,79,BLK_79S,17,전면SAW,2,2025-07-29 04:34:56,2025-07-29 06:50:28,135.5,,공통
b100_mixed_ps_sub_r1,GA,79,BLK_79S,17,TurnOver,3,2025-07-29 06:50:28,2025-07-29 07:02:28,12.0,,공통
b100_mixed_ps_sub_r1,GA,79,BLK_79S,17,후면SAW,4,2025-07-29 07:02:28,2025-07-29 09:22:30,140.0,,공통
b100_mixed_ps_sub_r1,GA,79,BLK_79S,17,NC,5,2025-07-29 09:22:30,2025-07-29 10:06:18,43.8,,공통
b100_mixed_ps_sub_r1,GA,79,BLK_79S,17,베이36B 론지취부,6,2025-07-29 10:06:18,2025-07-29 11:36:48,90.5,36B,베이36B
b100_mixed_ps_sub_r1,GA,79,BLK_79S,17,베이36B 론지용접,7,2025-07-29 11:36:48,2025-07-29 12:03:36,26.8,36B,베이36B
b100_mixed_ps_sub_r1,GA,79,BLK_79S,17,베이36B 수정,8,2025-07-29 12:03:36,2025-07-29 12:59:12,55.6,36B,베이36B
b100_mixed_ps_sub_r1,GA,45,BLK_45C,18,판계,1,2025-07-28 16:06:00,2025-07-28 16:36:00,30.0,,공통
b100_mixed_ps_sub_r1,GA,45,BLK_45C,18,전면SAW,2,2025-07-29 06:50:28,2025-07-29 07:22:31,32.0,,공통
b100_mixed_ps_sub_r1,GA,45,BLK_45C,18,TurnOver,3,2025-07-29 07:22:31,2025-07-29 07:34:31,12.0,,공통
b100_mixed_ps_sub_r1,GA,45,BLK_45C,18,후면SAW,4,2025-07-29 09:22:30,2025-07-29 09:43:33,21.0,,공통
b100_mixed_ps_sub_r1,GA,45,BLK_45C,18,NC,5,2025-07-29 10:06:18,2025-07-29 10:55:56,49.6,,공통
b100_mixed_ps_sub_r1,GA,45,BLK_45C,18,베이36B 론지취부,6,2025-07-29 11:36:48,2025-07-29 13:03:48,87.0,36B,베이36B
b100_mixed_ps_sub_r1,GA,45,BLK_45C,18,베이36B 론지용접,7,2025-07-29 13:03:48,2025-07-29 13:30:00,26.2,36B,베이36B
b100_mixed_ps_sub_r1,GA,45,BLK_45C,18,베이36B 수정,8,2025-07-29 13:30:00,2025-07-29 14:23:24,53.4,36B,베이36B
b100_mixed_ps_sub_r1,GA,86,BLK_86P,19,판계,1,2025-07-28 16:36:00,2025-07-28 17:01:00,25.0,,공통
b100_mixed_ps_sub_r1,GA,86,BLK_86P,19,전면SAW,2,2025-07-29 07:22:31,2025-07-29 07:55:14,32.7,,공통
b100_mixed_ps_sub_r1,GA,86,BLK_86P,19,TurnOver,3,2025-07-29 07:55:14,2025-07-29 08:07:14,12.0,,공통
b100_mixed_ps_sub_r1,GA,86,BLK_86P,19,후면SAW,4,2025-07-29 09:43:33,2025-07-29 10:05:28,21.9,,공통
b100_mixed_ps_sub_r1,GA,86,BLK_86P,19,NC,5,2025-07-29 10:55:56,2025-07-29 11:33:47,37.9,,공통
b100_mixed_ps_sub_r1,GA,86,BLK_86P,19,베이35A 론지취부,6,2025-07-29 11:33:47,2025-07-29 12:32:47,59.0,35A,베이35A
b100_mixed_ps_sub_r1,GA,86,BLK_86P,19,베이35A 론지용접,7,2025-07-29 12:32:47,2025-07-29 12:54:11,21.4,35A,베이35A
b100_mixed_ps_sub_r1,GA,86,BLK_86P,19,베이35A 수정,8,2025-07-29 12:54:11,2025-07-29 13:29:59,35.8,35A,베이35A
b100_mixed_ps_sub_r1,GA,56,BLK_56C,1,판계,1,2025-07-29 08:00:00,2025-07-29 08:30:00,30.0,,공통
b100_mixed_ps_sub_r1,GA,56,BLK_56C,1,전면SAW,2,2025-07-29 08:30:00,2025-07-29 10:15:40,105.7,,공통
b100_mixed_ps_sub_r1,GA,56,BLK_56C,1,TurnOver,3,2025-07-29 10:15:40,2025-07-29 10:27:40,12.0,,공통
b100_mixed_ps_sub_r1,GA,56,BLK_56C,1,후면SAW,4,2025-07-29 10:27:40,2025-07-29 12:12:53,105.2,,공통
b100_mixed_ps_sub_r1,GA,56,BLK_56C,1,NC,5,2025-07-29 12:12:53,2025-07-29 13:04:58,52.1,,공통
b100_mixed_ps_sub_r1,GA,56,BLK_56C,1,베이36B 론지취부,6,2025-07-29 13:04:58,2025-07-29 14:24:58,80.0,36B,베이36B
b100_mixed_ps_sub_r1,GA,56,BLK_56C,1,베이36B 론지용접,7,2025-07-29 14:24:58,2025-07-29 14:49:58,25.0,36B,베이36B
b100_mixed_ps_sub_r1,GA,56,BLK_56C,1,베이36B 수정,8,2025-07-29 14:49:58,2025-07-29 15:38:58,49.0,36B,베이36B
b100_mixed_ps_sub_r1,GA,55,BLK_55S,2,판계,1,2025-07-29 08:30:00,2025-07-29 09:00:00,30.0,,공통
b100_mixed_ps_sub_r1,GA,55,BLK_55S,2,전면SAW,2,2025-07-29 10:15:40,2025-07-29 10:47:34,31.9,,공통
b100_mixed_ps_sub_r1,GA,55,BLK_55S,2,TurnOver,3,2025-07-29 10:47:34,2025-07-29 10:59:34,12.0,,공통
b100_mixed_ps_sub_r1,GA,55,BLK_55S,2,후면SAW,4,2025-07-29 12:12:53,2025-07-29 12:33:45,20.9,,공통
b100_mixed_ps_sub_r1,GA,55,BLK_55S,2,NC,5,2025-07-29 13:04:58,2025-07-29 13:48:45,43.8,,공통
b100_mixed_ps_sub_r1,GA,55,BLK_55S,2,베이35A 론지취부,6,2025-07-29 13:48:45,2025-07-29 15:15:45,87.0,35A,베이35A
b100_mixed_ps_sub_r1,GA,55,BLK_55S,2,베이35A 론지용접,7,2025-07-29 15:15:45,2025-07-29 15:41:57,26.2,35A,베이35A
b100_mixed_ps_sub_r1,GA,55,BLK_55S,2,베이35A 수정,8,2025-07-29 15:41:57,2025-07-29 16:35:21,53.4,35A,베이35A
b100_mixed_ps_sub_r1,GA,82,BLK_82C,3,판계,1,2025-07-29 09:00:00,2025-07-29 09:45:00,45.0,,공통
b100_mixed_ps_sub_r1,GA,82,BLK_82C,3,전면SAW,2,2025-07-29 10:47:34,2025-07-29 13:12:31,145.0,,공통
b100_mixed_ps_sub_r1,GA,82,BLK_82C,3,TurnOver,3,2025-07-29 13:12:31,2025-07-29 13:24:31,12.0,,공통
b100_mixed_ps_sub_r1,GA,82,BLK_82C,3,후면SAW,4,2025-07-29 13:24:31,2025-07-29 15:29:30,125.0,,공통
b100_mixed_ps_sub_r1,GA,82,BLK_82C,3,NC,5,2025-07-29 15:29:30,2025-07-29 16:21:34,52.1,,공통
b100_mixed_ps_sub_r1,GA,82,BLK_82C,3,베이36B 론지취부,6,2025-07-29 16:21:34,2025-07-29 17:17:04,55.5,36B,베이36B
b100_mixed_ps_sub_r1,GA,82,BLK_82C,3,베이36B 론지용접,7,2025-07-29 17:17:04,2025-07-29 17:37:52,20.8,36B,베이36B
b100_mixed_ps_sub_r1,GA,82,BLK_82C,3,베이36B 수정,8,2025-07-29 17:37:52,2025-07-29 18:11:28,33.6,36B,베이36B
b100_mixed_ps_sub_r1,GA,59,BLK_59S,4,판계,1,2025-07-29 09:45:00,2025-07-29 10:15:00,30.0,,공통
b100_mixed_ps_sub_r1,GA,59,BLK_59S,4,전면SAW,2,2025-07-29 13:12:31,2025-07-29 13:41:12,28.7,,공통
b100_mixed_ps_sub_r1,GA,59,BLK_59S,4,TurnOver,3,2025-07-29 13:41:12,2025-07-29 13:53:12,12.0,,공통
b100_mixed_ps_sub_r1,GA,59,BLK_59S,4,후면SAW,4,2025-07-29 15:29:30,2025-07-29 15:46:06,16.6,,공통
b100_mixed_ps_sub_r1,GA,59,BLK_59S,4,NC,5,2025-07-29 16:21:34,2025-07-29 17:00:36,39.0,,공통
b100_mixed_ps_sub_r1,GA,59,BLK_59S,4,베이35A 론지취부,6,2025-07-29 17:00:36,2025-07-29 17:45:36,45.0,35A,베이35A
b100_mixed_ps_sub_r1,GA,59,BLK_59S,4,베이35A 론지용접,7,2025-07-29 17:45:36,2025-07-29 18:04:36,19.0,35A,베이35A
b100_mixed_ps_sub_r1,GA,59,BLK_59S,4,베이35A 수정,8,2025-07-29 18:04:36,2025-07-29 18:31:36,27.0,35A,베이35A
b100_mixed_ps_sub_r1,GA,97,BLK_58S,24,판계,1,2025-07-24 10:50:00,2025-07-24 11:20:00,30.0,,공통
b100_mixed_ps_sub_r1,GA,97,BLK_58S,24,전면SAW,2,2025-07-24 15:33:15,2025-07-24 16:02:37,29.4,,공통
b100_mixed_ps_sub_r1,GA,97,BLK_58S,24,TurnOver,3,2025-07-24 16:02:37,2025-07-24 16:14:37,12.0,,공통
b100_mixed_ps_sub_r1,GA,97,BLK_58S,24,후면SAW,4,2025-07-24 17:20:13,2025-07-24 17:37:45,17.5,,공통
b100_mixed_ps_sub_r1,GA,97,BLK_58S,24,NC,5,2025-07-24 17:53:37,2025-07-24 18:35:09,41.5,,공통
b100_mixed_ps_sub_r1,GA,97,BLK_58S,24,베이36B 론지취부,6,2025-07-24 18:35:09,2025-07-24 19:27:09,52.0,36B,베이36B
b100_mixed_ps_sub_r1,GA,97,BLK_58S,24,베이36B 론지용접,7,2025-07-24 19:27:09,2025-07-24 19:47:21,20.2,36B,베이36B
b100_mixed_ps_sub_r1,GA,97,BLK_58S,24,베이36B 수정,8,2025-07-24 19:47:21,2025-07-24 20:18:45,31.4,36B,베이36B
b100_mixed_ps_sub_r1,GA,99,BLK_69C,33,판계,1,2025-07-24 15:00:00,2025-07-24 15:52:00,52.0,,공통
b100_mixed_ps_sub_r1,GA,99,BLK_69C,33,전면SAW,2,2025-07-24 22:35:42,2025-07-24 23:13:46,38.1,,공통
b100_mixed_ps_sub_r1,GA,99,BLK_69C,33,TurnOver,3,2025-07-24 23:13:46,2025-07-24 23:25:46,12.0,,공통
b100_mixed_ps_sub_r1,GA,99,BLK_69C,33,후면SAW,4,2025-07-24 23:45:00,2025-07-25 00:13:59,29.0,,공통
b100_mixed_ps_sub_r1,GA,99,BLK_69C,33,NC,5,2025-07-25 00:40:09,2025-07-25 01:41:06,61.0,,공통
b100_mixed_ps_sub_r1,GA,99,BLK_69C,33,베이36B 론지취부,6,2025-07-25 01:41:06,2025-07-25 03:04:36,83.5,36B,베이36B
b100_mixed_ps_sub_r1,GA,99,BLK_69C,33,베이36B 론지용접,7,2025-07-25 03:04:36,2025-07-25 03:30:12,25.6,36B,베이36B
b100_mixed_ps_sub_r1,GA,99,BLK_69C,33,베이36B 수정,8,2025-07-25 03:30:12,2025-07-25 04:21:24,51.2,36B,베이36B
b100_mixed_ps_sub_r1,GA,96,BLK_89S,43,판계,1,2025-07-25 11:48:00,2025-07-25 12:33:00,45.0,,공통
b100_mixed_ps_sub_r1,GA,96,BLK_89S,43,전면SAW,2,2025-07-25 17:28:06,2025-07-25 18:07:46,39.7,,공통
b100_mixed_ps_sub_r1,GA,96,BLK_89S,43,TurnOver,3,2025-07-25 18:07:46,2025-07-25 18:19:46,12.0,,공통
b100_mixed_ps_sub_r1,GA,96,BLK_89S,43,후면SAW,4,2025-07-25 19:52:37,2025-07-25 20:23:41,31.1,,공통
b100_mixed_ps_sub_r1,GA,96,BLK_89S,43,NC,5,2025-07-25 20:54:27,2025-07-25 21:49:21,54.9,,공통
b100_mixed_ps_sub_r1,GA,96,BLK_89S,43,베이36B 론지취부,6,2025-07-25 22:28:27,2025-07-26 00:16:27,108.0,36B,베이36B
b100_mixed_ps_sub_r1,GA,96,BLK_89S,43,베이36B 론지용접,7,2025-07-26 00:16:27,2025-07-26 00:46:15,29.8,36B,베이36B
b100_mixed_ps_sub_r1,GA,96,BLK_89S,43,베이36B 수정,8,2025-07-26 00:46:15,2025-07-26 01:52:51,66.6,36B,베이36B
b100_mixed_ps_sub_r1,GA,100,BLK_11P,44,판계,1,2025-07-25 12:33:00,2025-07-25 12:58:00,25.0,,공통
b100_mixed_ps_sub_r1,GA,100,BLK_11P,44,전면SAW,2,2025-07-25 18:07:46,2025-07-25 18:44:32,36.8,,공통
b100_mixed_ps_sub_r1,GA,100,BLK_11P,44,TurnOver,3,2025-07-25 18:44:32,2025-07-25 18:56:32,12.0,,공통
b100_mixed_ps_sub_r1,GA,100,BLK_11P,44,후면SAW,4,2025-07-25 20:23:41,2025-07-25 20:50:57,27.3,,공통
b100_mixed_ps_sub_r1,GA,100,BLK_11P,44,NC,5,2025-07-25 21:49:21,2025-07-25 22:28:08,38.8,,공통
b100_mixed_ps_sub_r1,GA,100,BLK_11P,44,베이35A 론지취부,6,2025-07-25 22:28:08,2025-07-25 23:48:08,80.0,35A,베이35A
b100_mixed_ps_sub_r1,GA,100,BLK_11P,44,베이35A 론지용접,7,2025-07-25 23:48:08,2025-07-26 00:13:08,25.0,35A,베이35A
b100_mixed_ps_sub_r1,GA,100,BLK_11P,44,베이35A 수정,8,2025-07-26 00:13:08,2025-07-26 01:02:08,49.0,35A,베이35A
b100_mixed_ps_sub_r1,GA,98,BLK_86P,91,판계,1,2025-07-28 16:36:00,2025-07-28 17:01:00,25.0,,공통
b100_mixed_ps_sub_r1,GA,98,BLK_86P,91,전면SAW,2,2025-07-29 07:22:31,2025-07-29 07:55:14,32.7,,공통
b100_mixed_ps_sub_r1,GA,98,BLK_86P,91,TurnOver,3,2025-07-29 07:55:14,2025-07-29 08:07:14,12.0,,공통
b100_mixed_ps_sub_r1,GA,98,BLK_86P,91,후면SAW,4,2025-07-29 09:43:33,2025-07-29 10:05:28,21.9,,공통
b100_mixed_ps_sub_r1,GA,98,BLK_86P,91,NC,5,2025-07-29 10:55:56,2025-07-29 11:33:47,37.9,,공통
b100_mixed_ps_sub_r1,GA,98,BLK_86P,91,베이35A 론지취부,6,2025-07-29 11:33:47,2025-07-29 12:32:47,59.0,35A,베이35A
b100_mixed_ps_sub_r1,GA,98,BLK_86P,91,베이35A 론지용접,7,2025-07-29 12:32:47,2025-07-29 12:54:11,21.4,35A,베이35A
b100_mixed_ps_sub_r1,GA,98,BLK_86P,91,베이35A 수정,8,2025-07-29 12:54:11,2025-07-29 13:29:59,35.8,35A,베이35A
