grid_case_id,method_label,size_bucket,total_blocks,distribution_profile,graph_makespan_hours,graph_violations,date,block_id,block_name,sequence,process_name,process_index,start_time,end_time,duration_min,assigned_bay,machine_type,unity_process_row_source,source_representative_block_id
b30_sub_heavy_r1,MSF,Small (20-80),30,sub_heavy,42.15,0,20250701,1,BLK_1C,1,판계,1,2025-07-01 08:00:00,2025-07-01 08:12:00,12.0,,공통,raw,
b30_sub_heavy_r1,MSF,Small (20-80),30,sub_heavy,42.15,0,20250701,1,BLK_1C,1,전면SAW,2,2025-07-01 08:12:00,2025-07-01 08:56:01,44.0,,공통,raw,
b30_sub_heavy_r1,MSF,Small (20-80),30,sub_heavy,42.15,0,20250701,1,BLK_1C,1,TurnOver,3,2025-07-01 08:56:01,2025-07-01 09:08:01,12.0,,공통,raw,
b30_sub_heavy_r1,MSF,Small (20-80),30,sub_heavy,42.15,0,20250701,1,BLK_1C,1,후면SAW,4,2025-07-01 09:08:01,2025-07-01 09:44:49,36.8,,공통,raw,
b30_sub_heavy_r1,MSF,Small (20-80),30,sub_heavy,42.15,0,20250701,1,BLK_1C,1,NC,5,2025-07-01 09:44:49,2025-07-01 10:05:56,21.1,,공통,raw,
b30_sub_heavy_r1,MSF,Small (20-80),30,sub_heavy,42.15,0,20250701,1,BLK_1C,1,베이35A 론지취부,6,2025-07-01 10:05:56,2025-07-01 10:47:26,41.5,35A,베이35A,raw,
b30_sub_heavy_r1,MSF,Small (20-80),30,sub_heavy,42.15,0,20250701,1,BLK_1C,1,베이35A 론지용접,7,2025-07-01 10:47:26,2025-07-01 11:01:50,14.4,35A,베이35A,raw,
b30_sub_heavy_r1,MSF,Small (20-80),30,sub_heavy,42.15,0,20250701,1,BLK_1C,1,베이35A 수정,8,2025-07-01 11:01:50,2025-07-01 11:26:38,24.8,35A,베이35A,raw,
b30_sub_heavy_r1,MSF,Small (20-80),30,sub_heavy,42.15,0,20250701,5,BLK_5P,2,판계,1,2025-07-01 08:12:00,2025-07-01 08:42:00,30.0,,공통,raw,
b30_sub_heavy_r1,MSF,Small (20-80),30,sub_heavy,42.15,0,20250701,5,BLK_5P,2,전면SAW,2,2025-07-01 08:56:01,2025-07-01 09:24:36,28.6,,공통,raw,
b30_sub_heavy_r1,MSF,Small (20-80),30,sub_heavy,42.15,0,20250701,5,BLK_5P,2,TurnOver,3,2025-07-01 09:24:36,2025-07-01 09:36:36,12.0,,공통,raw,
b30_sub_heavy_r1,MSF,Small (20-80),30,sub_heavy,42.15,0,20250701,5,BLK_5P,2,후면SAW,4,2025-07-01 09:44:49,2025-07-01 10:01:18,16.5,,공통,raw,
b30_sub_heavy_r1,MSF,Small (20-80),30,sub_heavy,42.15,0,20250701,5,BLK_5P,2,NC,5,2025-07-01 10:05:56,2025-07-01 10:48:53,43.0,,공통,raw,
b30_sub_heavy_r1,MSF,Small (20-80),30,sub_heavy,42.15,0,20250701,5,BLK_5P,2,베이36B 론지취부,6,2025-07-01 10:48:53,2025-07-01 11:30:23,41.5,36B,베이36B,raw,
b30_sub_heavy_r1,MSF,Small (20-80),30,sub_heavy,42.15,0,20250701,5,BLK_5P,2,베이36B 론지용접,7,2025-07-01 11:30:23,2025-07-01 11:48:47,18.4,36B,베이36B,raw,
b30_sub_heavy_r1,MSF,Small (20-80),30,sub_heavy,42.15,0,20250701,5,BLK_5P,2,베이36B 수정,8,2025-07-01 11:48:47,2025-07-01 12:13:35,24.8,36B,베이36B,raw,
b30_sub_heavy_r1,MSF,Small (20-80),30,sub_heavy,42.15,0,20250701,13,BLK_13C,3,판계,1,2025-07-01 08:42:00,2025-07-01 09:07:00,25.0,,공통,raw,
b30_sub_heavy_r1,MSF,Small (20-80),30,sub_heavy,42.15,0,20250701,13,BLK_13C,3,전면SAW,2,2025-07-01 09:24:36,2025-07-01 09:54:15,29.6,,공통,raw,
b30_sub_heavy_r1,MSF,Small (20-80),30,sub_heavy,42.15,0,20250701,13,BLK_13C,3,TurnOver,3,2025-07-01 09:54:15,2025-07-01 10:06:15,12.0,,공통,raw,
b30_sub_heavy_r1,MSF,Small (20-80),30,sub_heavy,42.15,0,20250701,13,BLK_13C,3,후면SAW,4,2025-07-01 10:06:15,2025-07-01 10:24:09,17.9,,공통,raw,
b30_sub_heavy_r1,MSF,Small (20-80),30,sub_heavy,42.15,0,20250701,13,BLK_13C,3,NC,5,2025-07-01 10:48:53,2025-07-01 11:23:03,34.2,,공통,raw,
b30_sub_heavy_r1,MSF,Small (20-80),30,sub_heavy,42.15,0,20250701,13,BLK_13C,3,베이35A 론지취부,6,2025-07-01 11:23:03,2025-07-01 12:25:33,62.5,35A,베이35A,raw,
b30_sub_heavy_r1,MSF,Small (20-80),30,sub_heavy,42.15,0,20250701,13,BLK_13C,3,베이35A 론지용접,7,2025-07-01 12:25:33,2025-07-01 12:47:33,22.0,35A,베이35A,raw,
b30_sub_heavy_r1,MSF,Small (20-80),30,sub_heavy,42.15,0,20250701,13,BLK_13C,3,베이35A 수정,8,2025-07-01 12:47:33,2025-07-01 13:25:33,38.0,35A,베이35A,raw,
b30_sub_heavy_r1,MSF,Small (20-80),30,sub_heavy,42.15,0,20250701,23,BLK_23P,4,판계,1,2025-07-01 09:07:00,2025-07-01 09:37:00,30.0,,공통,raw,
b30_sub_heavy_r1,MSF,Small (20-80),30,sub_heavy,42.15,0,20250701,23,BLK_23P,4,전면SAW,2,2025-07-01 09:54:15,2025-07-01 10:23:34,29.3,,공통,raw,
b30_sub_heavy_r1,MSF,Small (20-80),30,sub_heavy,42.15,0,20250701,23,BLK_23P,4,TurnOver,3,2025-07-01 10:23:34,2025-07-01 10:35:34,12.0,,공통,raw,
b30_sub_heavy_r1,MSF,Small (20-80),30,sub_heavy,42.15,0,20250701,23,BLK_23P,4,후면SAW,4,2025-07-01 10:35:34,2025-07-01 10:53:00,17.4,,공통,raw,
b30_sub_heavy_r1,MSF,Small (20-80),30,sub_heavy,42.15,0,20250701,23,BLK_23P,4,NC,5,2025-07-01 11:23:03,2025-07-01 12:02:45,39.7,,공통,raw,
b30_sub_heavy_r1,MSF,Small (20-80),30,sub_heavy,42.15,0,20250701,23,BLK_23P,4,베이36B 론지취부,6,2025-07-01 12:02:45,2025-07-01 13:05:15,62.5,36B,베이36B,raw,
b30_sub_heavy_r1,MSF,Small (20-80),30,sub_heavy,42.15,0,20250701,23,BLK_23P,4,베이36B 론지용접,7,2025-07-01 13:05:15,2025-07-01 13:27:15,22.0,36B,베이36B,raw,
b30_sub_heavy_r1,MSF,Small (20-80),30,sub_heavy,42.15,0,20250701,23,BLK_23P,4,베이36B 수정,8,2025-07-01 13:27:15,2025-07-01 14:05:15,38.0,36B,베이36B,raw,
b30_sub_heavy_r1,MSF,Small (20-80),30,sub_heavy,42.15,0,20250701,9,BLK_9P,5,판계,1,2025-07-01 09:37:00,2025-07-01 10:07:00,30.0,,공통,raw,
b30_sub_heavy_r1,MSF,Small (20-80),30,sub_heavy,42.15,0,20250701,9,BLK_9P,5,전면SAW,2,2025-07-01 10:23:34,2025-07-01 10:53:28,29.9,,공통,raw,
b30_sub_heavy_r1,MSF,Small (20-80),30,sub_heavy,42.15,0,20250701,9,BLK_9P,5,TurnOver,3,2025-07-01 10:53:28,2025-07-01 11:05:28,12.0,,공통,raw,
b30_sub_heavy_r1,MSF,Small (20-80),30,sub_heavy,42.15,0,20250701,9,BLK_9P,5,후면SAW,4,2025-07-01 11:05:28,2025-07-01 11:23:43,18.2,,공통,raw,
b30_sub_heavy_r1,MSF,Small (20-80),30,sub_heavy,42.15,0,20250701,9,BLK_9P,5,NC,5,2025-07-01 12:02:45,2025-07-01 12:50:45,48.0,,공통,raw,
b30_sub_heavy_r1,MSF,Small (20-80),30,sub_heavy,42.15,0,20250701,9,BLK_9P,5,베이35A 론지취부,6,2025-07-01 12:50:45,2025-07-01 14:07:15,76.5,35A,베이35A,raw,
b30_sub_heavy_r1,MSF,Small (20-80),30,sub_heavy,42.15,0,20250701,9,BLK_9P,5,베이35A 론지용접,7,2025-07-01 14:07:15,2025-07-01 14:31:39,24.4,35A,베이35A,raw,
b30_sub_heavy_r1,MSF,Small (20-80),30,sub_heavy,42.15,0,20250701,9,BLK_9P,5,베이35A 수정,8,2025-07-01 14:31:39,2025-07-01 15:18:27,46.8,35A,베이35A,raw,
b30_sub_heavy_r1,MSF,Small (20-80),30,sub_heavy,42.15,0,20250701,24,BLK_24C,6,판계,1,2025-07-01 10:07:00,2025-07-01 10:35:00,28.0,,공통,raw,
b30_sub_heavy_r1,MSF,Small (20-80),30,sub_heavy,42.15,0,20250701,24,BLK_24C,6,전면SAW,2,2025-07-01 10:53:28,2025-07-01 13:04:25,130.9,,공통,raw,
b30_sub_heavy_r1,MSF,Small (20-80),30,sub_heavy,42.15,0,20250701,24,BLK_24C,6,TurnOver,3,2025-07-01 13:04:25,2025-07-01 13:16:25,12.0,,공통,raw,
b30_sub_heavy_r1,MSF,Small (20-80),30,sub_heavy,42.15,0,20250701,24,BLK_24C,6,후면SAW,4,2025-07-01 13:16:25,2025-07-01 15:03:34,107.2,,공통,raw,
b30_sub_heavy_r1,MSF,Small (20-80),30,sub_heavy,42.15,0,20250701,24,BLK_24C,6,NC,5,2025-07-01 15:03:34,2025-07-01 15:39:01,35.5,,공통,raw,
b30_sub_heavy_r1,MSF,Small (20-80),30,sub_heavy,42.15,0,20250701,24,BLK_24C,6,베이36B 론지취부,6,2025-07-01 15:39:01,2025-07-01 16:27:31,48.5,36B,베이36B,raw,
b30_sub_heavy_r1,MSF,Small (20-80),30,sub_heavy,42.15,0,20250701,24,BLK_24C,6,베이36B 론지용접,7,2025-07-01 16:27:31,2025-07-01 16:47:07,19.6,36B,베이36B,raw,
b30_sub_heavy_r1,MSF,Small (20-80),30,sub_heavy,42.15,0,20250701,24,BLK_24C,6,베이36B 수정,8,2025-07-01 16:47:07,2025-07-01 17:16:19,29.2,36B,베이36B,raw,
b30_sub_heavy_r1,MSF,Small (20-80),30,sub_heavy,42.15,0,20250701,14,BLK_14C,7,판계,1,2025-07-01 10:35:00,2025-07-01 11:20:00,45.0,,공통,raw,
b30_sub_heavy_r1,MSF,Small (20-80),30,sub_heavy,42.15,0,20250701,14,BLK_14C,7,전면SAW,2,2025-07-01 13:04:25,2025-07-01 15:59:41,175.3,,공통,raw,
b30_sub_heavy_r1,MSF,Small (20-80),30,sub_heavy,42.15,0,20250701,14,BLK_14C,7,TurnOver,3,2025-07-01 15:59:41,2025-07-01 16:11:41,12.0,,공통,raw,
b30_sub_heavy_r1,MSF,Small (20-80),30,sub_heavy,42.15,0,20250701,14,BLK_14C,7,후면SAW,4,2025-07-01 16:11:41,2025-07-01 18:22:01,130.3,,공통,raw,
b30_sub_heavy_r1,MSF,Small (20-80),30,sub_heavy,42.15,0,20250701,14,BLK_14C,7,NC,5,2025-07-01 18:22:01,2025-07-01 19:15:48,53.8,,공통,raw,
b30_sub_heavy_r1,MSF,Small (20-80),30,sub_heavy,42.15,0,20250701,14,BLK_14C,7,베이35A 론지취부,6,2025-07-01 19:15:48,2025-07-01 20:21:48,66.0,35A,베이35A,raw,
b30_sub_heavy_r1,MSF,Small (20-80),30,sub_heavy,42.15,0,20250701,14,BLK_14C,7,베이35A 론지용접,7,2025-07-01 20:21:48,2025-07-01 20:44:24,22.6,35A,베이35A,raw,
b30_sub_heavy_r1,MSF,Small (20-80),30,sub_heavy,42.15,0,20250701,14,BLK_14C,7,베이35A 수정,8,2025-07-01 20:44:24,2025-07-01 21:24:36,40.2,35A,베이35A,raw,
b30_sub_heavy_r1,MSF,Small (20-80),30,sub_heavy,42.15,0,20250701,2,BLK_2C,8,판계,1,2025-07-01 11:20:00,2025-07-01 11:47:00,27.0,,공통,raw,
b30_sub_heavy_r1,MSF,Small (20-80),30,sub_heavy,42.15,0,20250701,2,BLK_2C,8,전면SAW,2,2025-07-01 15:59:41,2025-07-01 17:39:54,100.2,,공통,raw,
b30_sub_heavy_r1,MSF,Small (20-80),30,sub_heavy,42.15,0,20250701,2,BLK_2C,8,TurnOver,3,2025-07-01 17:39:54,2025-07-01 17:51:54,12.0,,공통,raw,
b30_sub_heavy_r1,MSF,Small (20-80),30,sub_heavy,42.15,0,20250701,2,BLK_2C,8,후면SAW,4,2025-07-01 18:22:01,2025-07-01 19:32:18,70.3,,공통,raw,
b30_sub_heavy_r1,MSF,Small (20-80),30,sub_heavy,42.15,0,20250701,2,BLK_2C,8,NC,5,2025-07-01 19:32:18,2025-07-01 20:03:25,31.1,,공통,raw,
b30_sub_heavy_r1,MSF,Small (20-80),30,sub_heavy,42.15,0,20250701,2,BLK_2C,8,베이36B 론지취부,6,2025-07-01 20:03:25,2025-07-01 20:41:25,38.0,36B,베이36B,raw,
b30_sub_heavy_r1,MSF,Small (20-80),30,sub_heavy,42.15,0,20250701,2,BLK_2C,8,베이36B 론지용접,7,2025-07-01 20:41:25,2025-07-01 20:59:13,17.8,36B,베이36B,raw,
b30_sub_heavy_r1,MSF,Small (20-80),30,sub_heavy,42.15,0,20250701,2,BLK_2C,8,베이36B 수정,8,2025-07-01 20:59:13,2025-07-01 21:21:49,22.6,36B,베이36B,raw,
b30_sub_heavy_r1,MSF,Small (20-80),30,sub_heavy,42.15,0,20250701,8,BLK_8S,9,판계,1,2025-07-01 11:47:00,2025-07-01 12:14:00,27.0,,공통,raw,
b30_sub_heavy_r1,MSF,Small (20-80),30,sub_heavy,42.15,0,20250701,8,BLK_8S,9,전면SAW,2,2025-07-01 17:39:54,2025-07-01 19:50:35,130.7,,공통,raw,
b30_sub_heavy_r1,MSF,Small (20-80),30,sub_heavy,42.15,0,20250701,8,BLK_8S,9,TurnOver,3,2025-07-01 19:50:35,2025-07-01 20:02:35,12.0,,공통,raw,
b30_sub_heavy_r1,MSF,Small (20-80),30,sub_heavy,42.15,0,20250701,8,BLK_8S,9,후면SAW,4,2025-07-01 20:02:35,2025-07-01 21:37:15,94.7,,공통,raw,
b30_sub_heavy_r1,MSF,Small (20-80),30,sub_heavy,42.15,0,20250701,8,BLK_8S,9,NC,5,2025-07-01 21:37:15,2025-07-01 22:08:10,30.9,,공통,raw,
b30_sub_heavy_r1,MSF,Small (20-80),30,sub_heavy,42.15,0,20250701,8,BLK_8S,9,베이35A 론지취부,6,2025-07-01 22:08:10,2025-07-01 22:35:40,27.5,35A,베이35A,raw,
b30_sub_heavy_r1,MSF,Small (20-80),30,sub_heavy,42.15,0,20250701,8,BLK_8S,9,베이35A 론지용접,7,2025-07-01 22:35:40,2025-07-01 22:47:40,12.0,35A,베이35A,raw,
b30_sub_heavy_r1,MSF,Small (20-80),30,sub_heavy,42.15,0,20250701,8,BLK_8S,9,베이35A 수정,8,2025-07-01 22:47:40,2025-07-01 23:03:40,16.0,35A,베이35A,raw,
b30_sub_heavy_r1,MSF,Small (20-80),30,sub_heavy,42.15,0,20250701,4,BLK_4C,10,판계,1,2025-07-01 12:14:00,2025-07-01 12:34:00,20.0,,공통,raw,
b30_sub_heavy_r1,MSF,Small (20-80),30,sub_heavy,42.15,0,20250701,4,BLK_4C,10,전면SAW,2,2025-07-01 19:50:35,2025-07-01 20:20:57,30.4,,공통,raw,
b30_sub_heavy_r1,MSF,Small (20-80),30,sub_heavy,42.15,0,20250701,4,BLK_4C,10,TurnOver,3,2025-07-01 20:20:57,2025-07-01 20:32:57,12.0,,공통,raw,
b30_sub_heavy_r1,MSF,Small (20-80),30,sub_heavy,42.15,0,20250701,4,BLK_4C,10,후면SAW,4,2025-07-01 21:37:15,2025-07-01 21:56:04,18.8,,공통,raw,
b30_sub_heavy_r1,MSF,Small (20-80),30,sub_heavy,42.15,0,20250701,4,BLK_4C,10,NC,5,2025-07-01 22:08:10,2025-07-01 22:34:52,26.7,,공통,raw,
b30_sub_heavy_r1,MSF,Small (20-80),30,sub_heavy,42.15,0,20250701,4,BLK_4C,10,베이36B 론지취부,6,2025-07-01 22:34:52,2025-07-01 23:42:52,68.0,36B,베이36B,raw,
b30_sub_heavy_r1,MSF,Small (20-80),30,sub_heavy,42.15,0,20250701,4,BLK_4C,10,베이36B 론지용접,7,2025-07-01 23:42:52,2025-07-02 00:39:40,56.8,36B,베이36B,raw,
b30_sub_heavy_r1,MSF,Small (20-80),30,sub_heavy,42.15,0,20250701,4,BLK_4C,10,베이36B 수정,8,2025-07-02 00:39:40,2025-07-02 00:49:04,9.4,36B,베이36B,raw,
b30_sub_heavy_r1,MSF,Small (20-80),30,sub_heavy,42.15,0,20250701,6,BLK_6S,11,판계,1,2025-07-01 12:34:00,2025-07-01 12:54:00,20.0,,공통,raw,
b30_sub_heavy_r1,MSF,Small (20-80),30,sub_heavy,42.15,0,20250701,6,BLK_6S,11,전면SAW,2,2025-07-01 20:20:57,2025-07-01 20:54:04,33.1,,공통,raw,
b30_sub_heavy_r1,MSF,Small (20-80),30,sub_heavy,42.15,0,20250701,6,BLK_6S,11,TurnOver,3,2025-07-01 20:54:04,2025-07-01 21:06:04,12.0,,공통,raw,
b30_sub_heavy_r1,MSF,Small (20-80),30,sub_heavy,42.15,0,20250701,6,BLK_6S,11,후면SAW,4,2025-07-01 21:56:04,2025-07-01 22:18:33,22.5,,공통,raw,
b30_sub_heavy_r1,MSF,Small (20-80),30,sub_heavy,42.15,0,20250701,6,BLK_6S,11,NC,5,2025-07-01 22:34:52,2025-07-01 23:04:55,30.1,,공통,raw,
b30_sub_heavy_r1,MSF,Small (20-80),30,sub_heavy,42.15,0,20250701,6,BLK_6S,11,베이35A 론지취부,6,2025-07-01 23:04:55,2025-07-02 00:10:55,66.0,35A,베이35A,raw,
b30_sub_heavy_r1,MSF,Small (20-80),30,sub_heavy,42.15,0,20250701,6,BLK_6S,11,베이35A 론지용접,7,2025-07-02 00:10:55,2025-07-02 00:33:31,22.6,35A,베이35A,raw,
b30_sub_heavy_r1,MSF,Small (20-80),30,sub_heavy,42.15,0,20250701,6,BLK_6S,11,베이35A 수정,8,2025-07-02 00:33:31,2025-07-02 01:13:43,40.2,35A,베이35A,raw,
b30_sub_heavy_r1,MSF,Small (20-80),30,sub_heavy,42.15,0,20250701,10,BLK_10P,12,판계,1,2025-07-01 12:54:00,2025-07-01 13:24:00,30.0,,공통,raw,
b30_sub_heavy_r1,MSF,Small (20-80),30,sub_heavy,42.15,0,20250701,10,BLK_10P,12,전면SAW,2,2025-07-01 20:54:04,2025-07-01 21:26:54,32.8,,공통,raw,
b30_sub_heavy_r1,MSF,Small (20-80),30,sub_heavy,42.15,0,20250701,10,BLK_10P,12,TurnOver,3,2025-07-01 21:26:54,2025-07-01 21:38:54,12.0,,공통,raw,
b30_sub_heavy_r1,MSF,Small (20-80),30,sub_heavy,42.15,0,20250701,10,BLK_10P,12,후면SAW,4,2025-07-01 22:18:33,2025-07-01 22:40:37,22.1,,공통,raw,
b30_sub_heavy_r1,MSF,Small (20-80),30,sub_heavy,42.15,0,20250701,10,BLK_10P,12,NC,5,2025-07-01 23:04:55,2025-07-01 23:47:43,42.8,,공통,raw,
b30_sub_heavy_r1,MSF,Small (20-80),30,sub_heavy,42.15,0,20250701,10,BLK_10P,12,베이36B 론지취부,6,2025-07-01 23:47:43,2025-07-02 01:18:13,90.5,36B,베이36B,raw,
b30_sub_heavy_r1,MSF,Small (20-80),30,sub_heavy,42.15,0,20250701,10,BLK_10P,12,베이36B 론지용접,7,2025-07-02 01:18:13,2025-07-02 01:45:01,26.8,36B,베이36B,raw,
b30_sub_heavy_r1,MSF,Small (20-80),30,sub_heavy,42.15,0,20250701,10,BLK_10P,12,베이36B 수정,8,2025-07-02 01:45:01,2025-07-02 02:40:37,55.6,36B,베이36B,raw,
b30_sub_heavy_r1,MSF,Small (20-80),30,sub_heavy,42.15,0,20250701,12,BLK_12P,13,판계,1,2025-07-01 13:24:00,2025-07-01 14:09:00,45.0,,공통,raw,
b30_sub_heavy_r1,MSF,Small (20-80),30,sub_heavy,42.15,0,20250701,12,BLK_12P,13,전면SAW,2,2025-07-01 21:26:54,2025-07-01 23:47:53,141.0,,공통,raw,
b30_sub_heavy_r1,MSF,Small (20-80),30,sub_heavy,42.15,0,20250701,12,BLK_12P,13,TurnOver,3,2025-07-01 23:47:53,2025-07-01 23:59:53,12.0,,공통,raw,
b30_sub_heavy_r1,MSF,Small (20-80),30,sub_heavy,42.15,0,20250701,12,BLK_12P,13,후면SAW,4,2025-07-01 23:59:53,2025-07-02 01:42:48,102.9,,공통,raw,
b30_sub_heavy_r1,MSF,Small (20-80),30,sub_heavy,42.15,0,20250701,12,BLK_12P,13,NC,5,2025-07-02 01:42:48,2025-07-02 02:35:48,53.0,,공통,raw,
b30_sub_heavy_r1,MSF,Small (20-80),30,sub_heavy,42.15,0,20250701,12,BLK_12P,13,베이36B 론지취부,6,2025-07-02 02:35:48,2025-07-02 03:59:18,83.5,36B,베이36B,raw,
b30_sub_heavy_r1,MSF,Small (20-80),30,sub_heavy,42.15,0,20250701,12,BLK_12P,13,베이36B 론지용접,7,2025-07-02 03:59:18,2025-07-02 04:24:54,25.6,36B,베이36B,raw,
b30_sub_heavy_r1,MSF,Small (20-80),30,sub_heavy,42.15,0,20250701,12,BLK_12P,13,베이36B 수정,8,2025-07-02 04:24:54,2025-07-02 05:16:06,51.2,36B,베이36B,raw,
b30_sub_heavy_r1,MSF,Small (20-80),30,sub_heavy,42.15,0,20250701,27,BLK_27C,14,판계,1,2025-07-01 14:09:00,2025-07-01 14:21:00,12.0,,공통,raw,
b30_sub_heavy_r1,MSF,Small (20-80),30,sub_heavy,42.15,0,20250701,27,BLK_27C,14,전면SAW,2,2025-07-01 23:47:53,2025-07-02 00:33:48,45.9,,공통,raw,
b30_sub_heavy_r1,MSF,Small (20-80),30,sub_heavy,42.15,0,20250701,27,BLK_27C,14,TurnOver,3,2025-07-02 00:33:48,2025-07-02 00:45:48,12.0,,공통,raw,
b30_sub_heavy_r1,MSF,Small (20-80),30,sub_heavy,42.15,0,20250701,27,BLK_27C,14,후면SAW,4,2025-07-02 01:42:48,2025-07-02 02:22:06,39.3,,공통,raw,
b30_sub_heavy_r1,MSF,Small (20-80),30,sub_heavy,42.15,0,20250701,27,BLK_27C,14,NC,5,2025-07-02 02:35:48,2025-07-02 02:58:54,23.1,,공통,raw,
b30_sub_heavy_r1,MSF,Small (20-80),30,sub_heavy,42.15,0,20250701,27,BLK_27C,14,베이35A 론지취부,6,2025-07-02 02:58:54,2025-07-02 04:04:54,66.0,35A,베이35A,raw,
b30_sub_heavy_r1,MSF,Small (20-80),30,sub_heavy,42.15,0,20250701,27,BLK_27C,14,베이35A 론지용접,7,2025-07-02 04:04:54,2025-07-02 04:27:30,22.6,35A,베이35A,raw,
b30_sub_heavy_r1,MSF,Small (20-80),30,sub_heavy,42.15,0,20250701,27,BLK_27C,14,베이35A 수정,8,2025-07-02 04:27:30,2025-07-02 05:07:42,40.2,35A,베이35A,raw,
b30_sub_heavy_r1,MSF,Small (20-80),30,sub_heavy,42.15,0,20250701,17,BLK_17S,15,판계,1,2025-07-01 14:21:00,2025-07-01 14:51:00,30.0,,공통,raw,
b30_sub_heavy_r1,MSF,Small (20-80),30,sub_heavy,42.15,0,20250701,17,BLK_17S,15,전면SAW,2,2025-07-02 00:33:48,2025-07-02 02:47:02,133.2,,공통,raw,
b30_sub_heavy_r1,MSF,Small (20-80),30,sub_heavy,42.15,0,20250701,17,BLK_17S,15,TurnOver,3,2025-07-02 02:47:02,2025-07-02 02:59:02,12.0,,공통,raw,
b30_sub_heavy_r1,MSF,Small (20-80),30,sub_heavy,42.15,0,20250701,17,BLK_17S,15,후면SAW,4,2025-07-02 02:59:02,2025-07-02 04:35:44,96.7,,공통,raw,
b30_sub_heavy_r1,MSF,Small (20-80),30,sub_heavy,42.15,0,20250701,17,BLK_17S,15,NC,5,2025-07-02 04:35:44,2025-07-02 05:30:24,54.7,,공통,raw,
b30_sub_heavy_r1,MSF,Small (20-80),30,sub_heavy,42.15,0,20250701,17,BLK_17S,15,베이36B 론지취부,6,2025-07-02 05:30:24,2025-07-02 06:29:24,59.0,36B,베이36B,raw,
b30_sub_heavy_r1,MSF,Small (20-80),30,sub_heavy,42.15,0,20250701,17,BLK_17S,15,베이36B 론지용접,7,2025-07-02 06:29:24,2025-07-02 06:50:48,21.4,36B,베이36B,raw,
b30_sub_heavy_r1,MSF,Small (20-80),30,sub_heavy,42.15,0,20250701,17,BLK_17S,15,베이36B 수정,8,2025-07-02 06:50:48,2025-07-02 07:26:36,35.8,36B,베이36B,raw,
b30_sub_heavy_r1,MSF,Small (20-80),30,sub_heavy,42.15,0,20250701,3,BLK_3C,16,판계,1,2025-07-01 14:51:00,2025-07-01 15:18:00,27.0,,공통,raw,
b30_sub_heavy_r1,MSF,Small (20-80),30,sub_heavy,42.15,0,20250701,3,BLK_3C,16,전면SAW,2,2025-07-02 02:47:02,2025-07-02 05:26:25,159.4,,공통,raw,
b30_sub_heavy_r1,MSF,Small (20-80),30,sub_heavy,42.15,0,20250701,3,BLK_3C,16,TurnOver,3,2025-07-02 05:26:25,2025-07-02 05:38:25,12.0,,공통,raw,
b30_sub_heavy_r1,MSF,Small (20-80),30,sub_heavy,42.15,0,20250701,3,BLK_3C,16,후면SAW,4,2025-07-02 05:38:25,2025-07-02 07:36:03,117.6,,공통,raw,
b30_sub_heavy_r1,MSF,Small (20-80),30,sub_heavy,42.15,0,20250701,3,BLK_3C,16,NC,5,2025-07-02 07:36:03,2025-07-02 08:08:57,32.9,,공통,raw,
b30_sub_heavy_r1,MSF,Small (20-80),30,sub_heavy,42.15,0,20250701,3,BLK_3C,16,베이35A 론지취부,6,2025-07-02 08:08:57,2025-07-02 08:46:57,38.0,35A,베이35A,raw,
b30_sub_heavy_r1,MSF,Small (20-80),30,sub_heavy,42.15,0,20250701,3,BLK_3C,16,베이35A 론지용접,7,2025-07-02 08:46:57,2025-07-02 09:04:45,17.8,35A,베이35A,raw,
b30_sub_heavy_r1,MSF,Small (20-80),30,sub_heavy,42.15,0,20250701,3,BLK_3C,16,베이35A 수정,8,2025-07-02 09:04:45,2025-07-02 09:27:21,22.6,35A,베이35A,raw,
b30_sub_heavy_r1,MSF,Small (20-80),30,sub_heavy,42.15,0,20250701,19,BLK_19C,17,판계,1,2025-07-01 15:18:00,2025-07-01 15:30:00,12.0,,공통,raw,
b30_sub_heavy_r1,MSF,Small (20-80),30,sub_heavy,42.15,0,20250701,19,BLK_19C,17,전면SAW,2,2025-07-02 05:26:25,2025-07-02 06:08:29,42.1,,공통,raw,
b30_sub_heavy_r1,MSF,Small (20-80),30,sub_heavy,42.15,0,20250701,19,BLK_19C,17,TurnOver,3,2025-07-02 06:08:29,2025-07-02 06:20:29,12.0,,공통,raw,
b30_sub_heavy_r1,MSF,Small (20-80),30,sub_heavy,42.15,0,20250701,19,BLK_19C,17,후면SAW,4,2025-07-02 07:36:03,2025-07-02 08:10:17,34.2,,공통,raw,
b30_sub_heavy_r1,MSF,Small (20-80),30,sub_heavy,42.15,0,20250701,19,BLK_19C,17,NC,5,2025-07-02 08:10:17,2025-07-02 08:32:46,22.5,,공통,raw,
b30_sub_heavy_r1,MSF,Small (20-80),30,sub_heavy,42.15,0,20250701,19,BLK_19C,17,베이36B 론지취부,6,2025-07-02 08:32:46,2025-07-02 09:20:46,48.0,36B,베이36B,raw,
b30_sub_heavy_r1,MSF,Small (20-80),30,sub_heavy,42.15,0,20250701,19,BLK_19C,17,베이36B 론지용접,7,2025-07-02 09:20:46,2025-07-02 09:51:34,30.8,36B,베이36B,raw,
b30_sub_heavy_r1,MSF,Small (20-80),30,sub_heavy,42.15,0,20250701,19,BLK_19C,17,베이36B 수정,8,2025-07-02 09:51:34,2025-07-02 10:05:22,13.8,36B,베이36B,raw,
b30_sub_heavy_r1,MSF,Small (20-80),30,sub_heavy,42.15,0,20250701,21,BLK_21C,18,판계,1,2025-07-01 15:30:00,2025-07-01 15:42:00,12.0,,공통,raw,
b30_sub_heavy_r1,MSF,Small (20-80),30,sub_heavy,42.15,0,20250701,21,BLK_21C,18,전면SAW,2,2025-07-02 06:08:29,2025-07-02 06:48:30,40.0,,공통,raw,
b30_sub_heavy_r1,MSF,Small (20-80),30,sub_heavy,42.15,0,20250701,21,BLK_21C,18,TurnOver,3,2025-07-02 06:48:30,2025-07-02 07:00:30,12.0,,공통,raw,
b30_sub_heavy_r1,MSF,Small (20-80),30,sub_heavy,42.15,0,20250701,21,BLK_21C,18,후면SAW,4,2025-07-02 08:10:17,2025-07-02 08:41:49,31.5,,공통,raw,
b30_sub_heavy_r1,MSF,Small (20-80),30,sub_heavy,42.15,0,20250701,21,BLK_21C,18,NC,5,2025-07-02 08:41:49,2025-07-02 09:02:46,20.9,,공통,raw,
b30_sub_heavy_r1,MSF,Small (20-80),30,sub_heavy,42.15,0,20250701,21,BLK_21C,18,베이35A 론지취부,6,2025-07-02 09:02:46,2025-07-02 09:40:46,38.0,35A,베이35A,raw,
b30_sub_heavy_r1,MSF,Small (20-80),30,sub_heavy,42.15,0,20250701,21,BLK_21C,18,베이35A 론지용접,7,2025-07-02 09:40:46,2025-07-02 09:54:34,13.8,35A,베이35A,raw,
b30_sub_heavy_r1,MSF,Small (20-80),30,sub_heavy,42.15,0,20250701,21,BLK_21C,18,베이35A 수정,8,2025-07-02 09:54:34,2025-07-02 10:17:10,22.6,35A,베이35A,raw,
b30_sub_heavy_r1,MSF,Small (20-80),30,sub_heavy,42.15,0,20250701,18,BLK_18C,19,판계,1,2025-07-01 15:42:00,2025-07-01 16:02:00,20.0,,공통,raw,
b30_sub_heavy_r1,MSF,Small (20-80),30,sub_heavy,42.15,0,20250701,18,BLK_18C,19,전면SAW,2,2025-07-02 06:48:30,2025-07-02 07:20:10,31.7,,공통,raw,
b30_sub_heavy_r1,MSF,Small (20-80),30,sub_heavy,42.15,0,20250701,18,BLK_18C,19,TurnOver,3,2025-07-02 07:20:10,2025-07-02 07:32:10,12.0,,공통,raw,
b30_sub_heavy_r1,MSF,Small (20-80),30,sub_heavy,42.15,0,20250701,18,BLK_18C,19,후면SAW,4,2025-07-02 08:41:49,2025-07-02 09:02:22,20.6,,공통,raw,
b30_sub_heavy_r1,MSF,Small (20-80),30,sub_heavy,42.15,0,20250701,18,BLK_18C,19,NC,5,2025-07-02 09:02:46,2025-07-02 09:28:57,26.2,,공통,raw,
b30_sub_heavy_r1,MSF,Small (20-80),30,sub_heavy,42.15,0,20250701,18,BLK_18C,19,베이36B 론지취부,6,2025-07-02 09:28:57,2025-07-02 10:17:27,48.5,36B,베이36B,raw,
b30_sub_heavy_r1,MSF,Small (20-80),30,sub_heavy,42.15,0,20250701,18,BLK_18C,19,베이36B 론지용접,7,2025-07-02 10:17:27,2025-07-02 10:37:03,19.6,36B,베이36B,raw,
b30_sub_heavy_r1,MSF,Small (20-80),30,sub_heavy,42.15,0,20250701,18,BLK_18C,19,베이36B 수정,8,2025-07-02 10:37:03,2025-07-02 11:06:15,29.2,36B,베이36B,raw,
b30_sub_heavy_r1,MSF,Small (20-80),30,sub_heavy,42.15,0,20250701,22,BLK_22C,20,판계,1,2025-07-01 16:02:00,2025-07-01 16:37:00,35.0,,공통,raw,
b30_sub_heavy_r1,MSF,Small (20-80),30,sub_heavy,42.15,0,20250701,22,BLK_22C,20,전면SAW,2,2025-07-02 07:20:10,2025-07-02 09:44:22,144.2,,공통,raw,
b30_sub_heavy_r1,MSF,Small (20-80),30,sub_heavy,42.15,0,20250701,22,BLK_22C,20,TurnOver,3,2025-07-02 09:44:22,2025-07-02 09:56:22,12.0,,공통,raw,
b30_sub_heavy_r1,MSF,Small (20-80),30,sub_heavy,42.15,0,20250701,22,BLK_22C,20,후면SAW,4,2025-07-02 09:56:22,2025-07-02 12:00:37,124.2,,공통,raw,
b30_sub_heavy_r1,MSF,Small (20-80),30,sub_heavy,42.15,0,20250701,22,BLK_22C,20,NC,5,2025-07-02 12:00:37,2025-07-02 12:36:52,36.2,,공통,raw,
b30_sub_heavy_r1,MSF,Small (20-80),30,sub_heavy,42.15,0,20250701,22,BLK_22C,20,베이35A 론지취부,6,2025-07-02 12:36:52,2025-07-02 13:32:22,55.5,35A,베이35A,raw,
b30_sub_heavy_r1,MSF,Small (20-80),30,sub_heavy,42.15,0,20250701,22,BLK_22C,20,베이35A 론지용접,7,2025-07-02 13:32:22,2025-07-02 13:53:10,20.8,35A,베이35A,raw,
b30_sub_heavy_r1,MSF,Small (20-80),30,sub_heavy,42.15,0,20250701,22,BLK_22C,20,베이35A 수정,8,2025-07-02 13:53:10,2025-07-02 14:26:46,33.6,35A,베이35A,raw,
b30_sub_heavy_r1,MSF,Small (20-80),30,sub_heavy,42.15,0,20250701,7,BLK_7P,21,판계,1,2025-07-01 16:37:00,2025-07-01 17:10:00,33.0,,공통,raw,
b30_sub_heavy_r1,MSF,Small (20-80),30,sub_heavy,42.15,0,20250701,7,BLK_7P,21,전면SAW,2,2025-07-02 09:44:22,2025-07-02 11:31:37,107.2,,공통,raw,
b30_sub_heavy_r1,MSF,Small (20-80),30,sub_heavy,42.15,0,20250701,7,BLK_7P,21,TurnOver,3,2025-07-02 11:31:37,2025-07-02 11:43:37,12.0,,공통,raw,
b30_sub_heavy_r1,MSF,Small (20-80),30,sub_heavy,42.15,0,20250701,7,BLK_7P,21,후면SAW,4,2025-07-02 12:00:37,2025-07-02 13:26:10,85.5,,공통,raw,
b30_sub_heavy_r1,MSF,Small (20-80),30,sub_heavy,42.15,0,20250701,7,BLK_7P,21,NC,5,2025-07-02 13:26:10,2025-07-02 14:05:04,38.9,,공통,raw,
b30_sub_heavy_r1,MSF,Small (20-80),30,sub_heavy,42.15,0,20250701,7,BLK_7P,21,베이36B 론지취부,6,2025-07-02 14:05:04,2025-07-02 14:53:34,48.5,36B,베이36B,raw,
b30_sub_heavy_r1,MSF,Small (20-80),30,sub_heavy,42.15,0,20250701,7,BLK_7P,21,베이36B 론지용접,7,2025-07-02 14:53:34,2025-07-02 15:13:10,19.6,36B,베이36B,raw,
b30_sub_heavy_r1,MSF,Small (20-80),30,sub_heavy,42.15,0,20250701,7,BLK_7P,21,베이36B 수정,8,2025-07-02 15:13:10,2025-07-02 15:42:22,29.2,36B,베이36B,raw,
b30_sub_heavy_r1,MSF,Small (20-80),30,sub_heavy,42.15,0,20250701,26,BLK_26S,22,판계,1,2025-07-01 17:10:00,2025-07-01 17:35:00,25.0,,공통,raw,
b30_sub_heavy_r1,MSF,Small (20-80),30,sub_heavy,42.15,0,20250701,26,BLK_26S,22,전면SAW,2,2025-07-02 11:31:37,2025-07-02 12:07:33,35.9,,공통,raw,
b30_sub_heavy_r1,MSF,Small (20-80),30,sub_heavy,42.15,0,20250701,26,BLK_26S,22,TurnOver,3,2025-07-02 12:07:33,2025-07-02 12:19:33,12.0,,공통,raw,
b30_sub_heavy_r1,MSF,Small (20-80),30,sub_heavy,42.15,0,20250701,26,BLK_26S,22,후면SAW,4,2025-07-02 13:26:10,2025-07-02 13:52:19,26.2,,공통,raw,
b30_sub_heavy_r1,MSF,Small (20-80),30,sub_heavy,42.15,0,20250701,26,BLK_26S,22,NC,5,2025-07-02 14:05:04,2025-07-02 14:41:27,36.4,,공통,raw,
b30_sub_heavy_r1,MSF,Small (20-80),30,sub_heavy,42.15,0,20250701,26,BLK_26S,22,베이35A 론지취부,6,2025-07-02 14:41:27,2025-07-02 15:29:57,48.5,35A,베이35A,raw,
b30_sub_heavy_r1,MSF,Small (20-80),30,sub_heavy,42.15,0,20250701,26,BLK_26S,22,베이35A 론지용접,7,2025-07-02 15:29:57,2025-07-02 15:49:33,19.6,35A,베이35A,raw,
b30_sub_heavy_r1,MSF,Small (20-80),30,sub_heavy,42.15,0,20250701,26,BLK_26S,22,베이35A 수정,8,2025-07-02 15:49:33,2025-07-02 16:18:45,29.2,35A,베이35A,raw,
b30_sub_heavy_r1,MSF,Small (20-80),30,sub_heavy,42.15,0,20250701,25,BLK_25C,23,판계,1,2025-07-01 17:35:00,2025-07-01 18:15:00,40.0,,공통,raw,
b30_sub_heavy_r1,MSF,Small (20-80),30,sub_heavy,42.15,0,20250701,25,BLK_25C,23,전면SAW,2,2025-07-02 12:07:33,2025-07-02 14:45:33,158.0,,공통,raw,
b30_sub_heavy_r1,MSF,Small (20-80),30,sub_heavy,42.15,0,20250701,25,BLK_25C,23,TurnOver,3,2025-07-02 14:45:33,2025-07-02 14:57:33,12.0,,공통,raw,
b30_sub_heavy_r1,MSF,Small (20-80),30,sub_heavy,42.15,0,20250701,25,BLK_25C,23,후면SAW,4,2025-07-02 14:57:33,2025-07-02 17:06:43,129.2,,공통,raw,
b30_sub_heavy_r1,MSF,Small (20-80),30,sub_heavy,42.15,0,20250701,25,BLK_25C,23,NC,5,2025-07-02 17:06:43,2025-07-02 17:58:43,52.0,,공통,raw,
b30_sub_heavy_r1,MSF,Small (20-80),30,sub_heavy,42.15,0,20250701,25,BLK_25C,23,베이36B 론지취부,6,2025-07-02 17:58:43,2025-07-02 19:04:43,66.0,36B,베이36B,raw,
b30_sub_heavy_r1,MSF,Small (20-80),30,sub_heavy,42.15,0,20250701,25,BLK_25C,23,베이36B 론지용접,7,2025-07-02 19:04:43,2025-07-02 19:27:19,22.6,36B,베이36B,raw,
b30_sub_heavy_r1,MSF,Small (20-80),30,sub_heavy,42.15,0,20250701,25,BLK_25C,23,베이36B 수정,8,2025-07-02 19:27:19,2025-07-02 20:07:31,40.2,36B,베이36B,raw,
b30_sub_heavy_r1,MSF,Small (20-80),30,sub_heavy,42.15,0,20250702,15,BLK_15C,1,판계,1,2025-07-02 08:00:00,2025-07-02 08:38:00,38.0,,공통,raw,
b30_sub_heavy_r1,MSF,Small (20-80),30,sub_heavy,42.15,0,20250702,15,BLK_15C,1,전면SAW,2,2025-07-02 14:45:33,2025-07-02 16:30:13,104.7,,공통,raw,
b30_sub_heavy_r1,MSF,Small (20-80),30,sub_heavy,42.15,0,20250702,15,BLK_15C,1,TurnOver,3,2025-07-02 16:30:13,2025-07-02 16:42:13,12.0,,공통,raw,
b30_sub_heavy_r1,MSF,Small (20-80),30,sub_heavy,42.15,0,20250702,15,BLK_15C,1,후면SAW,4,2025-07-02 17:06:43,2025-07-02 18:29:55,83.2,,공통,raw,
b30_sub_heavy_r1,MSF,Small (20-80),30,sub_heavy,42.15,0,20250702,15,BLK_15C,1,NC,5,2025-07-02 18:29:55,2025-07-02 19:19:31,49.6,,공통,raw,
b30_sub_heavy_r1,MSF,Small (20-80),30,sub_heavy,42.15,0,20250702,15,BLK_15C,1,베이35A 론지취부,6,2025-07-02 19:19:31,2025-07-02 20:53:31,94.0,35A,베이35A,raw,
b30_sub_heavy_r1,MSF,Small (20-80),30,sub_heavy,42.15,0,20250702,15,BLK_15C,1,베이35A 론지용접,7,2025-07-02 20:53:31,2025-07-02 21:20:55,27.4,35A,베이35A,raw,
b30_sub_heavy_r1,MSF,Small (20-80),30,sub_heavy,42.15,0,20250702,15,BLK_15C,1,베이35A 수정,8,2025-07-02 21:20:55,2025-07-02 22:18:43,57.8,35A,베이35A,raw,
b30_sub_heavy_r1,MSF,Small (20-80),30,sub_heavy,42.15,0,20250702,16,BLK_16C,2,판계,1,2025-07-02 08:38:00,2025-07-02 09:16:00,38.0,,공통,raw,
b30_sub_heavy_r1,MSF,Small (20-80),30,sub_heavy,42.15,0,20250702,16,BLK_16C,2,전면SAW,2,2025-07-02 16:30:13,2025-07-02 18:22:51,112.6,,공통,raw,
b30_sub_heavy_r1,MSF,Small (20-80),30,sub_heavy,42.15,0,20250702,16,BLK_16C,2,TurnOver,3,2025-07-02 18:22:51,2025-07-02 18:34:51,12.0,,공통,raw,
b30_sub_heavy_r1,MSF,Small (20-80),30,sub_heavy,42.15,0,20250702,16,BLK_16C,2,후면SAW,4,2025-07-02 18:34:51,2025-07-02 20:28:12,113.3,,공통,raw,
b30_sub_heavy_r1,MSF,Small (20-80),30,sub_heavy,42.15,0,20250702,16,BLK_16C,2,NC,5,2025-07-02 20:28:12,2025-07-02 21:14:47,46.6,,공통,raw,
b30_sub_heavy_r1,MSF,Small (20-80),30,sub_heavy,42.15,0,20250702,16,BLK_16C,2,베이36B 론지취부,6,2025-07-02 21:14:47,2025-07-02 22:38:17,83.5,36B,베이36B,raw,
b30_sub_heavy_r1,MSF,Small (20-80),30,sub_heavy,42.15,0,20250702,16,BLK_16C,2,베이36B 론지용접,7,2025-07-02 22:38:17,2025-07-02 23:03:53,25.6,36B,베이36B,raw,
b30_sub_heavy_r1,MSF,Small (20-80),30,sub_heavy,42.15,0,20250702,16,BLK_16C,2,베이36B 수정,8,2025-07-02 23:03:53,2025-07-02 23:55:05,51.2,36B,베이36B,raw,
b30_sub_heavy_r1,MSF,Small (20-80),30,sub_heavy,42.15,0,20250702,20,BLK_20C,3,판계,1,2025-07-02 09:16:00,2025-07-02 09:46:00,30.0,,공통,raw,
b30_sub_heavy_r1,MSF,Small (20-80),30,sub_heavy,42.15,0,20250702,20,BLK_20C,3,전면SAW,2,2025-07-02 18:22:51,2025-07-02 18:53:16,30.4,,공통,raw,
b30_sub_heavy_r1,MSF,Small (20-80),30,sub_heavy,42.15,0,20250702,20,BLK_20C,3,TurnOver,3,2025-07-02 18:53:16,2025-07-02 19:05:16,12.0,,공통,raw,
b30_sub_heavy_r1,MSF,Small (20-80),30,sub_heavy,42.15,0,20250702,20,BLK_20C,3,후면SAW,4,2025-07-02 20:28:12,2025-07-02 20:47:05,18.9,,공통,raw,
b30_sub_heavy_r1,MSF,Small (20-80),30,sub_heavy,42.15,0,20250702,20,BLK_20C,3,NC,5,2025-07-02 21:14:47,2025-07-02 21:58:02,43.2,,공통,raw,
b30_sub_heavy_r1,MSF,Small (20-80),30,sub_heavy,42.15,0,20250702,20,BLK_20C,3,베이35A 론지취부,6,2025-07-02 21:58:02,2025-07-02 23:25:02,87.0,35A,베이35A,raw,
b30_sub_heavy_r1,MSF,Small (20-80),30,sub_heavy,42.15,0,20250702,20,BLK_20C,3,베이35A 론지용접,7,2025-07-02 23:25:02,2025-07-02 23:51:14,26.2,35A,베이35A,raw,
b30_sub_heavy_r1,MSF,Small (20-80),30,sub_heavy,42.15,0,20250702,20,BLK_20C,3,베이35A 수정,8,2025-07-02 23:51:14,2025-07-03 00:44:38,53.4,35A,베이35A,raw,
b30_sub_heavy_r1,MSF,Small (20-80),30,sub_heavy,42.15,0,20250702,28,BLK_28P,4,판계,1,2025-07-02 09:46:00,2025-07-02 10:16:00,30.0,,공통,raw,
b30_sub_heavy_r1,MSF,Small (20-80),30,sub_heavy,42.15,0,20250702,28,BLK_28P,4,전면SAW,2,2025-07-02 18:53:16,2025-07-02 19:26:26,33.2,,공통,raw,
b30_sub_heavy_r1,MSF,Small (20-80),30,sub_heavy,42.15,0,20250702,28,BLK_28P,4,TurnOver,3,2025-07-02 19:26:26,2025-07-02 19:38:26,12.0,,공통,raw,
b30_sub_heavy_r1,MSF,Small (20-80),30,sub_heavy,42.15,0,20250702,28,BLK_28P,4,후면SAW,4,2025-07-02 20:47:05,2025-07-02 21:09:36,22.5,,공통,raw,
b30_sub_heavy_r1,MSF,Small (20-80),30,sub_heavy,42.15,0,20250702,28,BLK_28P,4,NC,5,2025-07-02 21:58:02,2025-07-02 22:41:33,43.5,,공통,raw,
b30_sub_heavy_r1,MSF,Small (20-80),30,sub_heavy,42.15,0,20250702,28,BLK_28P,4,베이36B 론지취부,6,2025-07-02 22:41:33,2025-07-02 23:26:33,45.0,36B,베이36B,raw,
b30_sub_heavy_r1,MSF,Small (20-80),30,sub_heavy,42.15,0,20250702,28,BLK_28P,4,베이36B 론지용접,7,2025-07-02 23:26:33,2025-07-02 23:45:33,19.0,36B,베이36B,raw,
b30_sub_heavy_r1,MSF,Small (20-80),30,sub_heavy,42.15,0,20250702,28,BLK_28P,4,베이36B 수정,8,2025-07-02 23:55:05,2025-07-03 00:22:05,27.0,36B,베이36B,raw,
b30_sub_heavy_r1,MSF,Small (20-80),30,sub_heavy,42.15,0,20250702,11,BLK_11P,5,판계,1,2025-07-02 10:16:00,2025-07-02 11:01:00,45.0,,공통,raw,
b30_sub_heavy_r1,MSF,Small (20-80),30,sub_heavy,42.15,0,20250702,11,BLK_11P,5,전면SAW,2,2025-07-02 19:26:26,2025-07-02 20:09:29,43.0,,공통,raw,
b30_sub_heavy_r1,MSF,Small (20-80),30,sub_heavy,42.15,0,20250702,11,BLK_11P,5,TurnOver,3,2025-07-02 20:09:29,2025-07-02 20:21:29,12.0,,공통,raw,
b30_sub_heavy_r1,MSF,Small (20-80),30,sub_heavy,42.15,0,20250702,11,BLK_11P,5,후면SAW,4,2025-07-02 21:09:36,2025-07-02 21:45:08,35.5,,공통,raw,
b30_sub_heavy_r1,MSF,Small (20-80),30,sub_heavy,42.15,0,20250702,11,BLK_11P,5,NC,5,2025-07-02 22:41:33,2025-07-02 23:35:59,54.4,,공통,raw,
b30_sub_heavy_r1,MSF,Small (20-80),30,sub_heavy,42.15,0,20250702,11,BLK_11P,5,베이35A 론지취부,6,2025-07-02 23:35:59,2025-07-03 00:55:59,80.0,35A,베이35A,raw,
b30_sub_heavy_r1,MSF,Small (20-80),30,sub_heavy,42.15,0,20250702,11,BLK_11P,5,베이35A 론지용접,7,2025-07-03 00:55:59,2025-07-03 01:20:59,25.0,35A,베이35A,raw,
b30_sub_heavy_r1,MSF,Small (20-80),30,sub_heavy,42.15,0,20250702,11,BLK_11P,5,베이35A 수정,8,2025-07-03 01:20:59,2025-07-03 02:09:59,49.0,35A,베이35A,raw,
b30_sub_heavy_r1,MSF,Small (20-80),30,sub_heavy,42.15,0,20250701,29,BLK_9P,5,판계,1,2025-07-01 09:37:00,2025-07-01 10:07:00,30.0,,공통,inferred_subassembly_member,9
b30_sub_heavy_r1,MSF,Small (20-80),30,sub_heavy,42.15,0,20250701,29,BLK_9P,5,전면SAW,2,2025-07-01 10:23:34,2025-07-01 10:53:28,29.9,,공통,inferred_subassembly_member,9
b30_sub_heavy_r1,MSF,Small (20-80),30,sub_heavy,42.15,0,20250701,29,BLK_9P,5,TurnOver,3,2025-07-01 10:53:28,2025-07-01 11:05:28,12.0,,공통,inferred_subassembly_member,9
b30_sub_heavy_r1,MSF,Small (20-80),30,sub_heavy,42.15,0,20250701,29,BLK_9P,5,후면SAW,4,2025-07-01 11:05:28,2025-07-01 11:23:43,18.2,,공통,inferred_subassembly_member,9
b30_sub_heavy_r1,MSF,Small (20-80),30,sub_heavy,42.15,0,20250701,29,BLK_9P,5,NC,5,2025-07-01 12:02:45,2025-07-01 12:50:45,48.0,,공통,inferred_subassembly_member,9
b30_sub_heavy_r1,MSF,Small (20-80),30,sub_heavy,42.15,0,20250701,29,BLK_9P,5,베이35A 론지취부,6,2025-07-01 12:50:45,2025-07-01 14:07:15,76.5,35A,베이35A,inferred_subassembly_member,9
b30_sub_heavy_r1,MSF,Small (20-80),30,sub_heavy,42.15,0,20250701,29,BLK_9P,5,베이35A 론지용접,7,2025-07-01 14:07:15,2025-07-01 14:31:39,24.4,35A,베이35A,inferred_subassembly_member,9
b30_sub_heavy_r1,MSF,Small (20-80),30,sub_heavy,42.15,0,20250701,29,BLK_9P,5,베이35A 수정,8,2025-07-01 14:31:39,2025-07-01 15:18:27,46.8,35A,베이35A,inferred_subassembly_member,9
b30_sub_heavy_r1,MSF,Small (20-80),30,sub_heavy,42.15,0,20250701,30,BLK_17S,15,판계,1,2025-07-01 14:21:00,2025-07-01 14:51:00,30.0,,공통,inferred_subassembly_member,17
b30_sub_heavy_r1,MSF,Small (20-80),30,sub_heavy,42.15,0,20250701,30,BLK_17S,15,전면SAW,2,2025-07-02 00:33:48,2025-07-02 02:47:02,133.2,,공통,inferred_subassembly_member,17
b30_sub_heavy_r1,MSF,Small (20-80),30,sub_heavy,42.15,0,20250701,30,BLK_17S,15,TurnOver,3,2025-07-02 02:47:02,2025-07-02 02:59:02,12.0,,공통,inferred_subassembly_member,17
b30_sub_heavy_r1,MSF,Small (20-80),30,sub_heavy,42.15,0,20250701,30,BLK_17S,15,후면SAW,4,2025-07-02 02:59:02,2025-07-02 04:35:44,96.7,,공통,inferred_subassembly_member,17
b30_sub_heavy_r1,MSF,Small (20-80),30,sub_heavy,42.15,0,20250701,30,BLK_17S,15,NC,5,2025-07-02 04:35:44,2025-07-02 05:30:24,54.7,,공통,inferred_subassembly_member,17
b30_sub_heavy_r1,MSF,Small (20-80),30,sub_heavy,42.15,0,20250701,30,BLK_17S,15,베이36B 론지취부,6,2025-07-02 05:30:24,2025-07-02 06:29:24,59.0,36B,베이36B,inferred_subassembly_member,17
b30_sub_heavy_r1,MSF,Small (20-80),30,sub_heavy,42.15,0,20250701,30,BLK_17S,15,베이36B 론지용접,7,2025-07-02 06:29:24,2025-07-02 06:50:48,21.4,36B,베이36B,inferred_subassembly_member,17
b30_sub_heavy_r1,MSF,Small (20-80),30,sub_heavy,42.15,0,20250701,30,BLK_17S,15,베이36B 수정,8,2025-07-02 06:50:48,2025-07-02 07:26:36,35.8,36B,베이36B,inferred_subassembly_member,17
